https://images.squarespace-cdn.com/content/v1/599082a2e58c6284b2a19d1a/1512238242337-Y5MQ1R7G59YQY8ZSPKGY/Charles_James_Lewis_-_Reading_By_the_Window.jpg?format=1500w	static/images/Charles_James_Lewis_-_Reading_By_the_Window.jpg
https://images.squarespace-cdn.com/content/v1/599082a2e58c6284b2a19d1a/1512239049728-Y2JIOJA8B5TYYC74JMT5/William_Adolphe_Bouguereau_-_Bacchante.jpg?format=1500w	static/images/William_Adolphe_Bouguereau_-_Bacchante.jpg
https://images.squarespace-cdn.com/content/v1/599082a2e58c6284b2a19d1a/1512238746848-38Z6P0FTI8KBKWDHZARK/Franz_Xaver_Winterhalter_-_Adelina_Patti.jpg?format=1500w	static/images/Franz_Xaver_Winterhalter_-_Adelina_Patti.jpg
https://images.squarespace-cdn.com/content/v1/599082a2e58c6284b2a19d1a/1512237880777-XBMKW6ZPQA9H4869X7HC/Alfons_Mucha_-_Dance.jpg?format=1500w	static/images/Alfons_Mucha_-_Dance.jpg
https://images.squarespace-cdn.com/content/v1/599082a2e58c6284b2a19d1a/1512448276052-KACQUJZ1469YGBT9AUS6/William_Henry_Margetson_-_Lady_with_Pansies.jpg?format=1500w	static/images/William_Henry_Margetson_-_Lady_with_Pansies.jpg
https://images.squarespace-cdn.com/content/v1/599082a2e58c6284b2a19d1a/1512748917736-C02U13GC6BZAP2CP7FF2/Jerry+Barrett+-+Queen+Victoria%27s+First+Visit+to+her+Wounded+Soldiers.jpg?format=1500w	static/images/Jerry-Barrett-Queen-Victorias-First-Visit-to-her-Wounded-Soldiers.jpg
https://images.squarespace-cdn.com/content/v1/599082a2e58c6284b2a19d1a/1503263382672-RZG67TBX0COYSW63D39P/Robert+James+Gordon%2C+Woman+Reading+%28c.1877%29.jpg?format=1500w	static/images/Robert-James-Gordon-Woman-Reading-c.1877.jpg
https://images.squarespace-cdn.com/content/v1/599082a2e58c6284b2a19d1a/1513364921477-9A3ASAMT0NFFIBDREX3S/William_Holyoake_-_In_the_Front_Row_at_the_Opera.jpg?format=1500w	static/images/William_Holyoake_-_In_the_Front_Row_at_the_Opera.jpg
https://images.squarespace-cdn.com/content/v1/599082a2e58c6284b2a19d1a/1503369297419-49XTMU2RQIM3QDSLZO65/Walter+Dendy+Sadler%2C+Girl+on+a+Bench.jpg?format=1500w	static/images/Walter-Dendy-Sadler-Girl-on-a-Bench.jpg
https://images.squarespace-cdn.com/content/v1/599082a2e58c6284b2a19d1a/1503449696927-RF8B3J24UYFWPP2ZR22G/Talbot+Hughes%2C+A+Nun+Embroidering+Fabric.jpg?format=1500w	static/images/Talbot-Hughes-A-Nun-Embroidering-Fabric.jpg
https://images.squarespace-cdn.com/content/v1/599082a2e58c6284b2a19d1a/1503533480620-6DJTN1YO37FNN8T9GYCE/Edward+Killingworth+Johnson%2C+The+Young+Widow+%281877%29.jpg?format=1500w	static/images/Edward-Killingworth-Johnson-The-Young-Widow-1877.jpg
https://images.squarespace-cdn.com/content/v1/599082a2e58c6284b2a19d1a/1514577307721-5M7WAIQJVPHB4EOQTN83/John_Collier_-_A_Glass_of_Wine_with_Caesar_Borgia+%281893%29.jpg?format=1500w	static/images/John_Collier_-_A_Glass_of_Wine_with_Caesar_Borgia-1893.jpg
https://images.squarespace-cdn.com/content/v1/599082a2e58c6284b2a19d1a/1503888920192-FYMVCR6CLJA9ED8B1J16/John+Collier+-+The+Minx.jpg?format=1500w	static/images/John-Collier-The-Minx.jpg
https://images.squarespace-cdn.com/content/v1/599082a2e58c6284b2a19d1a/1503976155056-S5WWFVYVBXH8MU6RJT8O/Henry+John+Yeend+King+-+Milking+Time.jpg?format=1500w	static/images/Henry-John-Yeend-King-Milking-Time.jpg
https://images.squarespace-cdn.com/content/v1/599082a2e58c6284b2a19d1a/1503625883230-9B9XL8QGZHW4YQOJ29XJ/George+Goodwin+Kilburne+-+In+Church.jpg?format=1500w	static/images/George-Goodwin-Kilburne-In-Church.jpg
https://images.squarespace-cdn.com/content/v1/599082a2e58c6284b2a19d1a/1503628272672-HQ7RKJ20SH5TWV7IB5K2/Frederick+Goodall+-+Puritan+and+Cavalier.jpg?format=1500w	static/images/Frederick-Goodall-Puritan-and-Cavalier.jpg
https://images.squarespace-cdn.com/content/v1/599082a2e58c6284b2a19d1a/1504537842402-4ONQILBDTD0HPGRG2IJQ/Arthur+Hughes+-+A+Passing+Cloud.jpg?format=1500w	static/images/Arthur-Hughes-A-Passing-Cloud.jpg
https://images.squarespace-cdn.com/content/v1/599082a2e58c6284b2a19d1a/1504552376665-S751YAEFU3NTJUB4LIDO/John+Collier+-+Eve.jpg?format=1500w	static/images/John-Collier-Eve.jpg
https://images.squarespace-cdn.com/content/v1/599082a2e58c6284b2a19d1a/1513566612878-3RNLP7IWJI6926JVB76L/William_Maw_Egley_-+_Omnibus_Life_in_London.jpg?format=1500w	static/images/William_Maw_Egley_-_Omnibus_Life_in_London.jpg
https://images.squarespace-cdn.com/content/v1/599082a2e58c6284b2a19d1a/1503794454624-SBXVFEKH8CPWMRKW4GAZ/John+Collier+-+Lady+Godiva.jpg?format=1500w	static/images/John-Collier-Lady-Godiva.jpg
https://images.squarespace-cdn.com/content/v1/599082a2e58c6284b2a19d1a/1515441014880-CLXSPWFEZ1QNM2B111XP/William+Logsdall-An+Early+VIctorian.jpg?format=1500w	static/images/William-Logsdall-An-Early-VIctorian.jpg
https://images.squarespace-cdn.com/content/v1/599082a2e58c6284b2a19d1a/1528996132831-IRT8NXM84XLNJOOT01TJ/Edward+Wilkins+Waite+-+Autumn.jpg?format=1500w	static/images/Edward-Wilkins-Waite-Autumn.jpg
https://images.squarespace-cdn.com/content/v1/599082a2e58c6284b2a19d1a/1567650237301-IKD41FT4LOMDC7XRXGUL/Pointing+Hand.png?format=1500w	static/images/Pointing-Hand.png
https://images.squarespace-cdn.com/content/v1/599082a2e58c6284b2a19d1a/1531107730379-OBAPSXMFXI58QLVYRTNP/Louise+Rayner+-+Oxford.jpg?format=1500w	static/images/Louise-Rayner-Oxford.jpg
https://images.squarespace-cdn.com/content/v1/599082a2e58c6284b2a19d1a/1529872859382-KJSL7HTEGIAR5OQI8MXW/Thomas+Benjamin+Kennington+-+Reading+the+Letter.jpg?format=1500w	static/images/Thomas-Benjamin-Kennington-Reading-the-Letter.jpg
https://images.squarespace-cdn.com/content/v1/599082a2e58c6284b2a19d1a/1531431618670-FR9AI94UGR8GDOC84ZJJ/Albert+Joseph+Moore+-+The+Dreamers++.jpg?format=1500w	static/images/Albert-Joseph-Moore-The-Dreamers-.jpg
https://images.squarespace-cdn.com/content/v1/599082a2e58c6284b2a19d1a/1531707413220-2G2YGQ7BLDEDZLYARX78/Alfred+Elmore+-+Supplication+.jpg?format=1500w	static/images/Alfred-Elmore-Supplication-.jpg
https://images.squarespace-cdn.com/content/v1/599082a2e58c6284b2a19d1a/1532020418103-S968PWR051Y524Q2FQHE/Sir+John+Everett+Millais%2C+Speak%21+Speak%21.jpg?format=1500w	static/images/Sir-John-Everett-Millais-Speak-Speak.jpg
https://images.squarespace-cdn.com/content/v1/599082a2e58c6284b2a19d1a/1531951719485-6XY9P5XG5ZYS80RTABA5/Atkinson+Grimshaw+-+Arriving+at+the+Hall.jpg?format=1500w	static/images/Atkinson-Grimshaw-Arriving-at-the-Hall.jpg
https://images.squarespace-cdn.com/content/v1/599082a2e58c6284b2a19d1a/1530234293045-O0WGQTFEOJRDR887HSHF/Frederick+Daniel+Hardy+-+Preparing+for+Dinner+.jpg?format=1500w	static/images/Frederick-Daniel-Hardy-Preparing-for-Dinner-.jpg
https://images.squarespace-cdn.com/content/v1/599082a2e58c6284b2a19d1a/1530470695741-FD7BOJ3YOI20A4A5U3SQ/Charles+Lock+Eastlake%2C+The+Lily%E2%80%94Portrait+of+Miss+Burry.jpg?format=1500w	static/images/Charles-Lock-Eastlake-The-LilyPortrait-of-Miss-Burry.jpg
https://images.squarespace-cdn.com/content/v1/599082a2e58c6284b2a19d1a/1533676008320-4CYKQN7FFR48OJS7Y67G/John+Collier+-+The+Beggar+Man+.jpg?format=1500w	static/images/John-Collier-The-Beggar-Man-.jpg
https://images.squarespace-cdn.com/content/v1/599082a2e58c6284b2a19d1a/1533677185697-9X69PT8WB935MQWPI2OA/John+Constable+-+Brightwell+Church+and+Village+.jpg?format=1500w	static/images/John-Constable-Brightwell-Church-and-Village-.jpg
https://images.squarespace-cdn.com/content/v1/599082a2e58c6284b2a19d1a/1533691352435-SI566G4AQTT7N247SXHB/Henry+Stacey+Marks+-++%27Hark%2C+hark%21+The+dogs+do+bark.+The+beggars+are+coming+to+town%27+.jpg?format=1500w	static/images/Henry-Stacey-Marks-Hark-hark-The-dogs-do-bark.-The-beggars-are-coming-to-town-.jpg
https://images.squarespace-cdn.com/content/v1/599082a2e58c6284b2a19d1a/1541193609358-YCMY6G3Z1LDJWPVP1KOI/Pointing+Hand.png?format=1500w	static/images/Pointing-Hand-2.png
https://images.squarespace-cdn.com/content/v1/599082a2e58c6284b2a19d1a/1534126021272-PUFEE4U7KJTK0CA9EEKD/John+Henry+Frederick+Bacon%2C+The+Golden+Butterfly--The+Harvey+Family.jpg?format=1500w	static/images/John-Henry-Frederick-Bacon-The-Golden-Butterfly-The-Harvey-Family.jpg
https://images.squarespace-cdn.com/content/v1/599082a2e58c6284b2a19d1a/1534816382748-FDPV1YHJJYM4ZJHLA75E/Hearty+Thanksgiving+Greeting.jpg?format=1500w	static/images/Hearty-Thanksgiving-Greeting.jpg
https://images.squarespace-cdn.com/content/v1/599082a2e58c6284b2a19d1a/1542812944529-PHXCGZZ7QSGYE1L4CZG2/Pointing+Hand.png?format=1500w	static/images/Pointing-Hand-3.png
https://images.squarespace-cdn.com/content/v1/599082a2e58c6284b2a19d1a/1534818277739-KF68C06A04JBS4U3SGYU/John+Lavery+-+A+Conquest%2C+a+Heart+for+a+Rose+.jpg?format=1500w	static/images/John-Lavery-A-Conquest-a-Heart-for-a-Rose-.jpg
https://images.squarespace-cdn.com/content/v1/599082a2e58c6284b2a19d1a/1531942158717-MDLHX8BK3W1ZC6QEZUYZ/Frederick+Daniel+Hardy%2C+Children+Playing+at+Doctors+.jpg?format=1500w	static/images/Frederick-Daniel-Hardy-Children-Playing-at-Doctors-.jpg
https://images.squarespace-cdn.com/content/v1/599082a2e58c6284b2a19d1a/1533518018671-UTVRQO5E2S2A04O73RMG/William+Maw+Egley+-+A+Young+Lady+Fishing.jpg?format=1500w	static/images/William-Maw-Egley-A-Young-Lady-Fishing.jpg
https://images.squarespace-cdn.com/content/v1/599082a2e58c6284b2a19d1a/1535336435866-GLNFBYVO3MRSE3KP9USH/Charles+Burton+Barber+-+The+Hiding+Place.jpg?format=1500w	static/images/Charles-Burton-Barber-The-Hiding-Place.jpg
https://images.squarespace-cdn.com/content/v1/599082a2e58c6284b2a19d1a/1535062181789-FMT81CTM996OA2E3JB5R/Louise+Rayner%2C+John+Knox%27s+House%2C+Edinburgh.jpg?format=1500w	static/images/Louise-Rayner-John-Knoxs-House-Edinburgh.jpg
https://images.squarespace-cdn.com/content/v1/599082a2e58c6284b2a19d1a/1535916417361-98E7OZAE9YS14AH7ZHBY/Sir+David+Wilkie%2C+A+Bookcase.jpg?format=1500w	static/images/Sir-David-Wilkie-A-Bookcase.jpg
https://images.squarespace-cdn.com/content/v1/599082a2e58c6284b2a19d1a/1528402855125-6CG47N6LUMONQIZCD1JI/William-Adolphe+Bouguereau%2C+Une+Vocation.JPG?format=1500w	static/images/William-Adolphe-Bouguereau-Une-Vocation.JPG
https://images.squarespace-cdn.com/content/v1/599082a2e58c6284b2a19d1a/1536328768544-A5SFQXNQD91RVW07ZVCC/Winslow+Homer%2C+The+New+Novel.jpg?format=1500w	static/images/Winslow-Homer-The-New-Novel.jpg
https://images.squarespace-cdn.com/content/v1/599082a2e58c6284b2a19d1a/1544724926802-17FTGIWH6R9KFDLQJJXV/John+Martin%2C+Pandemonium?format=1500w	static/images/John-Martin-Pandemonium.jpg
https://images.squarespace-cdn.com/content/v1/599082a2e58c6284b2a19d1a/1537295090964-HEDBKNZ4HGV6N0PJS5MW/William+McTaggart+-+Christmas+Day+.jpg?format=1500w	static/images/William-McTaggart-Christmas-Day-.jpg
https://images.squarespace-cdn.com/content/v1/599082a2e58c6284b2a19d1a/1537472212531-JQZPVI40GXO1C8VHD19I/Edward+Frederick+Brewtnall+-+The+Princess+and+the+Frog+Prince.jpg?format=1500w	static/images/Edward-Frederick-Brewtnall-The-Princess-and-the-Frog-Prince.jpg
https://images.squarespace-cdn.com/content/v1/599082a2e58c6284b2a19d1a/1527195126000-MH0OYH370U4FNUGV8J7V/Sir+Edwin+Henry+Landseer+-+The+Travelled+Monkey+.jpg?format=1500w	static/images/Sir-Edwin-Henry-Landseer-The-Travelled-Monkey-.jpg
https://images.squarespace-cdn.com/content/v1/599082a2e58c6284b2a19d1a/1543681127636-FZ235APBTETD2JOGKKFK/Pointing+Hand.png?format=1500w	static/images/Pointing-Hand-4.png
https://images.squarespace-cdn.com/content/v1/599082a2e58c6284b2a19d1a/1513285139118-F84K5YWO27ISNFD9MLRA/George_William_Joy_-_A_Dinner_of_Herbs.jpg?format=1500w	static/images/George_William_Joy_-_A_Dinner_of_Herbs.jpg
https://images.squarespace-cdn.com/content/v1/599082a2e58c6284b2a19d1a/1512337730792-O2L1R4BPCH7J5NQJ4LC8/James_Tissot_-_Without_a_Dowry_aka_Sunday_in_the_Luxembourg_Gardens.jpg?format=1500w	static/images/James_Tissot_-_Without_a_Dowry_aka_Sunday_in_the_Luxembourg_Gardens.jpg
https://images.squarespace-cdn.com/content/v1/599082a2e58c6284b2a19d1a/1513884430015-FBQECQX3Y3QU6Y5XMVIQ/John_Martin_-_The_Last_Judgment.jpg?format=1500w	static/images/John_Martin_-_The_Last_Judgment.jpg
https://images.squarespace-cdn.com/content/v1/599082a2e58c6284b2a19d1a/1514157297430-VNN355A7NR3BXPRMO9K3/Frank+Stone+-+Friendship+Endangered.jpg?format=1500w	static/images/Frank-Stone-Friendship-Endangered.jpg
https://images.squarespace-cdn.com/content/v1/599082a2e58c6284b2a19d1a/1514496753358-8F1AV3O4YJCP6GEVS67C/George+Goodwin+Kilburne+-+A+Meal+Stop+at+a+Coaching+Inn.jpg?format=1500w	static/images/George-Goodwin-Kilburne-A-Meal-Stop-at-a-Coaching-Inn.jpg
https://images.squarespace-cdn.com/content/v1/599082a2e58c6284b2a19d1a/1514755330351-QRR5UH64WT6ZD293WFEK/John+Bagnold+Burgess+-+The+Church+Door+1889.jpg?format=1500w	static/images/John-Bagnold-Burgess-The-Church-Door-1889.jpg
https://images.squarespace-cdn.com/content/v1/599082a2e58c6284b2a19d1a/1512702279844-0XOXR8WA71LJTD9KVI69/Henry+Courtney+Selous+-+The+Love+Letter.jpg?format=1500w	static/images/Henry-Courtney-Selous-The-Love-Letter.jpg
https://images.squarespace-cdn.com/content/v1/599082a2e58c6284b2a19d1a/1512941405746-FZMPGYM3VHPP1UXPJ3E7/John_Lavery_-_Elizabeth_Welsh++.jpg?format=1500w	static/images/John_Lavery_-_Elizabeth_Welsh-.jpg
https://images.squarespace-cdn.com/content/v1/599082a2e58c6284b2a19d1a/1508785554127-T8QMW1OABNHNJHE7DVLC/Richard+Doyle+-+Under+the+Dock+Leaves.jpg?format=1500w	static/images/Richard-Doyle-Under-the-Dock-Leaves.jpg
https://images.squarespace-cdn.com/content/v1/599082a2e58c6284b2a19d1a/1530298374248-F0OUQRZXMHKNW70LSI36/Pointing+Hand+.jpg?format=1500w	static/images/Pointing-Hand-.jpg
https://images.squarespace-cdn.com/content/v1/599082a2e58c6284b2a19d1a/1520011838628-UFBF4YJYHAK65AAW3VSN/Spare_that_tree+ed.jpg?format=1500w	static/images/Spare_that_tree-ed.jpg
https://images.squarespace-cdn.com/content/v1/599082a2e58c6284b2a19d1a/1511111766802-N9ZHELQ3U73YELRC0WIJ/George+Caleb+Bingham+-+Landscape%2C+Rural+Scene.jpg?format=1500w	static/images/George-Caleb-Bingham-Landscape-Rural-Scene.jpg
https://images.squarespace-cdn.com/content/v1/599082a2e58c6284b2a19d1a/1511456939616-OHG0ORDHO0EFG5D9B7ON/William+Shayer+and+Edward+Charles+Williams+-The+Old+Roadside+Inn.jpg?format=1500w	static/images/William-Shayer-and-Edward-Charles-Williams-The-Old-Roadside-Inn.jpg
https://images.squarespace-cdn.com/content/v1/599082a2e58c6284b2a19d1a/1511901869654-KI68ISXC1XC56D2A7CCI/Marcus+Stone+-+In+Love.jpg?format=1500w	static/images/Marcus-Stone-In-Love.jpg
https://images.squarespace-cdn.com/content/v1/599082a2e58c6284b2a19d1a/1512099322592-JTPWYOO020E1UQZC69UK/Sir+Laurence+Alma-Tadema+-+A+Favourite+Custom+.jpg?format=1500w	static/images/Sir-Laurence-Alma-Tadema-A-Favourite-Custom-.jpg
https://images.squarespace-cdn.com/content/v1/599082a2e58c6284b2a19d1a/1516049908009-EMOG71U5Z15MBYZC391B/William_Dyce_-_Christabel.jpg?format=1500w	static/images/William_Dyce_-_Christabel.jpg
https://images.squarespace-cdn.com/content/v1/599082a2e58c6284b2a19d1a/1516913822890-GGE9EF56VU3JGFL9WP51/Frederick_Daniel_Hardy_-_The_First_Birthday_Party+.jpg?format=1500w	static/images/Frederick_Daniel_Hardy_-_The_First_Birthday_Party-.jpg
https://images.squarespace-cdn.com/content/v1/599082a2e58c6284b2a19d1a/1521905045152-OWI20DUNLLZLTFNZIANL/Frederick+Morgan+-+Feeding+the+Rabbits.jpg?format=1500w	static/images/Frederick-Morgan-Feeding-the-Rabbits.jpg
https://images.squarespace-cdn.com/content/v1/599082a2e58c6284b2a19d1a/1515348982531-5GHE0M4X4G5054JUT1IU/James_Tissot_-_The_Shop_Girl.jpg?format=1500w	static/images/James_Tissot_-_The_Shop_Girl.jpg
https://images.squarespace-cdn.com/content/v1/599082a2e58c6284b2a19d1a/1517246274708-C64EB05WLAY36ZMFDBVX/Augustus+Leopold+Egg+-+Unknown+woman%2C+formerly+known+as+Florence+Nightingale+.jpg?format=1500w	static/images/Augustus-Leopold-Egg-Unknown-woman-formerly-known-as-Florence-Nightingale-.jpg
https://images.squarespace-cdn.com/content/v1/599082a2e58c6284b2a19d1a/1517950628297-Q59EOIW6TAYBEL8OX153/Richard+Parkes+Bonington+-+The+Pont+des+Arts%2C+Paris+ca.+1826.jpg?format=1500w	static/images/Richard-Parkes-Bonington-The-Pont-des-Arts-Paris-ca.-1826.jpg
https://images.squarespace-cdn.com/content/v1/599082a2e58c6284b2a19d1a/1517882659266-CH175KVFG4AQGH7YOQZO/Lord+Frederic+Leighton+-+Lady+in+a+Garden.jpg?format=1500w	static/images/Lord-Frederic-Leighton-Lady-in-a-Garden.jpg
https://images.squarespace-cdn.com/content/v1/599082a2e58c6284b2a19d1a/1518210687615-Z2W771BSM8VM0YK8LCAC/Sir+Lawrence+Alma-Tadema%2C+Her+Eyes+Are+With+Her+Thoughts%2C+and+They+Are+Far+Away.jpg?format=1500w	static/images/Sir-Lawrence-Alma-Tadema-Her-Eyes-Are-With-Her-Thoughts-and-They-Are-Far-Away.jpg
https://images.squarespace-cdn.com/content/v1/599082a2e58c6284b2a19d1a/1519005078718-D3NVNVF1JZJI16ZWNZA2/Richard+Redgrave+-+Going+into+Service.jpg?format=1500w	static/images/Richard-Redgrave-Going-into-Service.jpg
https://images.squarespace-cdn.com/content/v1/599082a2e58c6284b2a19d1a/1519335001662-T5Z94KU8PVGVYRTQOCZS/John+Constable+-+View+at+%5B73+Across%5D.jpg?format=1500w	static/images/John-Constable-View-at-73-Across.jpg
https://images.squarespace-cdn.com/content/v1/599082a2e58c6284b2a19d1a/1516570511806-FCM7JFZ39MEUX6DCTQWY/William+Powell+Frith+-+Portrait+of+Two+Girls.jpg?format=1500w	static/images/William-Powell-Frith-Portrait-of-Two-Girls.jpg
https://images.squarespace-cdn.com/content/v1/599082a2e58c6284b2a19d1a/1516318874268-A25HYLY5TCCHP8QMWYZB/Lord+Frederic+Leighton+-+The+Last+Watch+of+Hero.jpg?format=1500w	static/images/Lord-Frederic-Leighton-The-Last-Watch-of-Hero.jpg
https://images.squarespace-cdn.com/content/v1/599082a2e58c6284b2a19d1a/1519672107522-FTX4TB5ELCT809ICI10Q/James+Jebusa+Shannon+-+Lady+Marjorie+Manners.jpg?format=1500w	static/images/James-Jebusa-Shannon-Lady-Marjorie-Manners.jpg
https://images.squarespace-cdn.com/content/v1/599082a2e58c6284b2a19d1a/1521135539703-92JEA42V40MUFNYJ15VF/George+Elgar+Hicks+-+Mother+and+Child.jpg?format=1500w	static/images/George-Elgar-Hicks-Mother-and-Child.jpg
https://images.squarespace-cdn.com/content/v1/599082a2e58c6284b2a19d1a/1520818647412-RDNW69EQHAVS01S7R6MG/James+Sant+-+The+Bride+.jpg?format=1500w	static/images/James-Sant-The-Bride-.jpg
https://images.squarespace-cdn.com/content/v1/599082a2e58c6284b2a19d1a/1526410286942-C0FA1ZKGJ6OQWAYJOJW3/William+Powell+Frith+-+The+Rejected+Poet.jpg?format=1500w	static/images/William-Powell-Frith-The-Rejected-Poet.jpg
https://images.squarespace-cdn.com/content/v1/599082a2e58c6284b2a19d1a/1521399098714-D1SDVW0LM3BGVK9KVHHU/William+Powell+Frith+-+The+Proposal.jpg?format=1500w	static/images/William-Powell-Frith-The-Proposal.jpg
https://images.squarespace-cdn.com/content/v1/599082a2e58c6284b2a19d1a/1515897722172-RMN97SGGIH46IGTW2VMJ/John+MacWhirter+-+June+in+the+Austrian+Tyrol+1892.jpg?format=1500w	static/images/John-MacWhirter-June-in-the-Austrian-Tyrol-1892.jpg
https://images.squarespace-cdn.com/content/v1/599082a2e58c6284b2a19d1a/1522011508736-ZFCZO58WXMP7GWQPPOM9/Hubert+von+Herkomer+-++Clematis.jpg?format=1500w	static/images/Hubert-von-Herkomer-Clematis.jpg
https://images.squarespace-cdn.com/content/v1/599082a2e58c6284b2a19d1a/1520549087444-591TRXP37POGR3WEC33J/George+Dunlop+Leslie+-+The+Language+of+Flowers+.jpg?format=1500w	static/images/George-Dunlop-Leslie-The-Language-of-Flowers-.jpg
https://images.squarespace-cdn.com/content/v1/599082a2e58c6284b2a19d1a/1520268616651-KS4KQGSZV370W105NL4I/Richard+Buckner+-Margaret+Laetitia%2C+Lady+Western%2C+n%C3%A9e+Bushby+%281798%E2%80%931872%29+.jpg?format=1500w	static/images/Richard-Buckner-Margaret-Laetitia-Lady-Western-née-Bushby-17981872-.jpg
https://images.squarespace-cdn.com/content/v1/599082a2e58c6284b2a19d1a/1506351732069-LK1ZPWMO7U052GLVWPFJ/George+Elgar+Hicks+-++Mother+and+Baby+.jpg?format=1500w	static/images/George-Elgar-Hicks-Mother-and-Baby-.jpg
https://images.squarespace-cdn.com/content/v1/599082a2e58c6284b2a19d1a/1506355551068-8FWRZ99AS5P776I9NR22/John+Simmons+-+Titania+Sleeping+in+the+Moonlight+Protected+by+her+Fairies.jpg?format=1500w	static/images/John-Simmons-Titania-Sleeping-in-the-Moonlight-Protected-by-her-Fairies.jpg
https://images.squarespace-cdn.com/content/v1/599082a2e58c6284b2a19d1a/1528224291221-U78UDJMN3RTZCPYOF7VX/Pointing+Hand.png?format=1500w	static/images/Pointing-Hand-5.png
https://images.squarespace-cdn.com/content/v1/599082a2e58c6284b2a19d1a/1506965722153-6GJ0M2HC9FEIJ6FSNVCC/Robert+Smirke+-+The+Rival+Waiting+Women.jpg?format=1500w	static/images/Robert-Smirke-The-Rival-Waiting-Women.jpg
https://images.squarespace-cdn.com/content/v1/599082a2e58c6284b2a19d1a/1521764522756-A6XAJ12WZRVPKK9V2FFV/Frank+Holl+-+Newgate+-+Committed+for+Trial.jpg?format=1500w	static/images/Frank-Holl-Newgate-Committed-for-Trial.jpg
https://images.squarespace-cdn.com/content/v1/599082a2e58c6284b2a19d1a/1527870549812-JCIU00RZDMG5ZFSH3NV3/Pointing+Hand.png?format=1500w	static/images/Pointing-Hand-6.png
https://images.squarespace-cdn.com/content/v1/599082a2e58c6284b2a19d1a/1506967580805-PS8BKY4YYBFN5R5JQXG8/Charles+Altamont+Doyle+-+A+Dance+Around+the+Moon.jpg?format=1500w	static/images/Charles-Altamont-Doyle-A-Dance-Around-the-Moon.jpg
https://images.squarespace-cdn.com/content/v1/599082a2e58c6284b2a19d1a/1507647076614-KWG6E9XNBSODW1M0YSRE/Evelyn+De+Morgan+-+The+World%27s+Wealth+%28The+Crown+of+Glory%29.JPG?format=1500w	static/images/Evelyn-De-Morgan-The-Worlds-Wealth-The-Crown-of-Glory.JPG
https://images.squarespace-cdn.com/content/v1/599082a2e58c6284b2a19d1a/1507649222000-V8QVICLQM07572M9OI8V/John+Simmons+-+Fairy+Lying+on+a+Leaf.jpg?format=1500w	static/images/John-Simmons-Fairy-Lying-on-a-Leaf.jpg
https://images.squarespace-cdn.com/content/v1/599082a2e58c6284b2a19d1a/1505152422407-CX0UUYYS9B80YOVRJRS8/Augustus+Leopold+Egg+-+The+Toilet.jpg?format=1500w	static/images/Augustus-Leopold-Egg-The-Toilet.jpg
https://images.squarespace-cdn.com/content/v1/599082a2e58c6284b2a19d1a/1505161631003-TLM9D5SK5JHSIAG03ES4/Richard+Dadd+-+Puck+%281841%29.jpg?format=1500w	static/images/Richard-Dadd-Puck-1841.jpg
https://images.squarespace-cdn.com/content/v1/599082a2e58c6284b2a19d1a/1528223550238-894INWGDUEPEG0TYLIPQ/Pointing+Hand.png?format=1500w	static/images/Pointing-Hand-7.png
https://images.squarespace-cdn.com/content/v1/599082a2e58c6284b2a19d1a/1508782647196-XKDYXOGIQTIKNGHFXVGO/William+Powell+Frith+-+The+Family+Lawyer.jpg?format=1500w	static/images/William-Powell-Frith-The-Family-Lawyer.jpg
https://images.squarespace-cdn.com/content/v1/599082a2e58c6284b2a19d1a/1523036233269-92J81R8DDP5O1E86C2LR/Thomas_Sully%2C+Fanny+Kemble.jpg?format=1500w	static/images/Thomas_Sully-Fanny-Kemble.jpg
https://images.squarespace-cdn.com/content/v1/599082a2e58c6284b2a19d1a/1523643211993-AV5BWRMB5ARPRXDYBLK7/Edwin+Longsden+Long%2C+Spanish+Girls?format=1500w	static/images/Edwin-Longsden-Long-Spanish-Girls.jpg
https://images.squarespace-cdn.com/content/v1/599082a2e58c6284b2a19d1a/1523929773449-FXSZBUDGFMMWNCU6RUV7/James+Tissot%2C+Autumn+on+the+Thames.jpg?format=1500w	static/images/James-Tissot-Autumn-on-the-Thames.jpg
https://images.squarespace-cdn.com/content/v1/599082a2e58c6284b2a19d1a/1524175919188-Y7BTZZZE5Y6W1IVJ0VUN/John+William+Waterhouse%2C+Circe+Offering+the+Cup+to+Odysseus.jpeg?format=1500w	static/images/John-William-Waterhouse-Circe-Offering-the-Cup-to-Odysseus.jpeg
https://images.squarespace-cdn.com/content/v1/599082a2e58c6284b2a19d1a/1532375347926-9O561T79GO8E7U5U156I/Pointing+Hand.png?format=1500w	static/images/Pointing-Hand-8.png
https://images.squarespace-cdn.com/content/v1/599082a2e58c6284b2a19d1a/1508276659301-QXIKD77329SQ2KVASJVX/George+Dunlop+Leslie+-+Riverside%2C+Wallingford%2C+Berkshire.jpg?format=1500w	static/images/George-Dunlop-Leslie-Riverside-Wallingford-Berkshire.jpg
https://images.squarespace-cdn.com/content/v1/599082a2e58c6284b2a19d1a/1524512396839-SS3OV83NF1WFLV6K9LL2/Sir_David_Wilkie_-_Pitlessie_Fair.jpg?format=1500w	static/images/Sir_David_Wilkie_-_Pitlessie_Fair.jpg
https://images.squarespace-cdn.com/content/v1/599082a2e58c6284b2a19d1a/1508277801736-LF67EPND1D76O0JCAH00/Sir+Joseph+Noel+Paton+-+The+Quarrel+of+Oberon+and+Titania.jpg?format=1500w	static/images/Sir-Joseph-Noel-Paton-The-Quarrel-of-Oberon-and-Titania.jpg
https://images.squarespace-cdn.com/content/v1/599082a2e58c6284b2a19d1a/1529873659845-VMBE0HKS1HI2P94MV1LA/Pointing+Hand+.jpg?format=1500w	static/images/Pointing-Hand--2.jpg
https://images.squarespace-cdn.com/content/v1/599082a2e58c6284b2a19d1a/1525988390838-QTXQR4P8BSJJKK2MUQRS/Albert+Joseph+Moore+-+A+Garden+1869.jpg?format=1500w	static/images/Albert-Joseph-Moore-A-Garden-1869.jpg
https://images.squarespace-cdn.com/content/v1/599082a2e58c6284b2a19d1a/1525805595355-07NG3MHZACKSTANU1YF6/Philip+Calderon+-+Juliet.jpg?format=1500w	static/images/Philip-Calderon-Juliet.jpg
https://images.squarespace-cdn.com/content/v1/599082a2e58c6284b2a19d1a/1527796675820-LCDZJMLVRCV1WMYFQRQW/Evelyn+De+Morgan+-+Hope+in+the+Prison+of+Despair.jpg?format=1500w	static/images/Evelyn-De-Morgan-Hope-in-the-Prison-of-Despair.jpg
https://images.squarespace-cdn.com/content/v1/599082a2e58c6284b2a19d1a/1526233340128-5GZ8J6QFUV2ZF8Z460GX/John+Ballantyne+-+John+Phillip+in+His+Studio+.jpg?format=1500w	static/images/John-Ballantyne-John-Phillip-in-His-Studio-.jpg
https://images.squarespace-cdn.com/content/v1/599082a2e58c6284b2a19d1a/1526592263954-F946I64S3VPVUP3JO8XU/Edward+Burne-Jones+-+The+Mirror+of+Venus.jpg?format=1500w	static/images/Edward-Burne-Jones-The-Mirror-of-Venus.jpg
https://images.squarespace-cdn.com/content/v1/599082a2e58c6284b2a19d1a/1526864771700-OY2EEX687VPRSIJLH92T/Frederick+Daniel+Hardy%2C+The+Clergyman%27s+Visit+.jpg?format=1500w	static/images/Frederick-Daniel-Hardy-The-Clergymans-Visit-.jpg
https://images.squarespace-cdn.com/content/v1/599082a2e58c6284b2a19d1a/1524797280267-YA9M6Y3RBBDK75P1WTN5/James+Charles+-+On+a+Sussex+Farm++.jpg?format=1500w	static/images/James-Charles-On-a-Sussex-Farm-.jpg
https://images.squarespace-cdn.com/content/v1/599082a2e58c6284b2a19d1a/1525047275383-BP44V6JWX6DCPC1NC1GA/Portrait_of_Miss_Dorothy_Vickers.jpg?format=1500w	static/images/Portrait_of_Miss_Dorothy_Vickers.jpg
https://images.squarespace-cdn.com/content/v1/599082a2e58c6284b2a19d1a/1535755908596-5ILFL8SGI4H7WHYN80O7/Sir+Edwin+Henry+Landseer+-+Dignity+and+Impudence+1839.jpg?format=1500w	static/images/Sir-Edwin-Henry-Landseer-Dignity-and-Impudence-1839.jpg
https://images.squarespace-cdn.com/content/v1/599082a2e58c6284b2a19d1a/1528062717473-H9B1MMDKBY9JYTWPMVOF/Walter+Crane+-+The+Moat+and+Bishop%27s+Palace%2C+Wells+Cathedral.jpg?format=1500w	static/images/Walter-Crane-The-Moat-and-Bishops-Palace-Wells-Cathedral.jpg
https://images.squarespace-cdn.com/content/v1/599082a2e58c6284b2a19d1a/1535653295377-RG62R6RZHCLT3AA4WNO9/Frederic_Leighton_-_The_Return_of_Persephone_%281891%29.jpg?format=1500w	static/images/Frederic_Leighton_-_The_Return_of_Persephone_1891.jpg
https://images.squarespace-cdn.com/content/v1/599082a2e58c6284b2a19d1a/1535747340530-3VXWVX9HMWKIZR9J5XFJ/image-asset.png?format=1500w	static/images/image-asset.png
https://images.squarespace-cdn.com/content/v1/599082a2e58c6284b2a19d1a/1528678109123-U8XXVOZDTABIU95S0RG1/Sir+Lawrence+Alma-Tadema+-+Comparisons.jpg?format=1500w	static/images/Sir-Lawrence-Alma-Tadema-Comparisons.jpg
https://images.squarespace-cdn.com/content/v1/599082a2e58c6284b2a19d1a/1530846815683-61O1DP78KODD0LOCO8Z5/Atkinson+Grimshaw+-+Shipping+on+the+Clyde.jpg?format=1500w	static/images/Atkinson-Grimshaw-Shipping-on-the-Clyde.jpg
https://images.squarespace-cdn.com/content/v1/599082a2e58c6284b2a19d1a/1537490263743-TDVGX8KQGOZ3WVTJGUL7/image-asset.png?format=1500w	static/images/image-asset-2.png
https://images.squarespace-cdn.com/content/v1/599082a2e58c6284b2a19d1a/1529269551947-3QRALYDXK453H6JNOW8H/Thomas+Francis+Dicksee+-+Distant+Thoughts.jpg?format=1500w	static/images/Thomas-Francis-Dicksee-Distant-Thoughts.jpg
https://images.squarespace-cdn.com/content/v1/599082a2e58c6284b2a19d1a/1529614000056-VG80UHY6V66WNF1GLNEZ/Helen+Allingham+-+Baking+Bread.jpg?format=1500w	static/images/Helen-Allingham-Baking-Bread.jpg
https://images.squarespace-cdn.com/content/v1/599082a2e58c6284b2a19d1a/1537137359105-KFFO5OW2B9HYLW96GYBU/image-asset.png?format=1500w	static/images/image-asset-3.png
https://images.squarespace-cdn.com/content/v1/599082a2e58c6284b2a19d1a/1527473390942-7ZR54MYJ9FN1266D3QRW/Richard+Buckner+-+Emily%2C+1st+Vicountess+Hambleden%2C+and+her+daughter+.jpg?format=1500w	static/images/Richard-Buckner-Emily-1st-Vicountess-Hambleden-and-her-daughter-.jpg
https://images.squarespace-cdn.com/content/v1/599082a2e58c6284b2a19d1a/1515100584855-23YO07HA5MZWQ2MWV82P/Francis_Danby_-_The_Deluge_c.1840.jpg?format=1500w	static/images/Francis_Danby_-_The_Deluge_c.1840.jpg
https://images.squarespace-cdn.com/content/v1/599082a2e58c6284b2a19d1a/1536269595838-YZG90H060Z2F2IEBQFQC/image-asset.png?format=1500w	static/images/image-asset-4.png
https://images.squarespace-cdn.com/content/v1/599082a2e58c6284b2a19d1a/1542572855205-V5WII5CIKEW9YTJ4ANDZ/George+Elgar+Hicks+-+A+Gypsy+Girl.jpg?format=1500w	static/images/George-Elgar-Hicks-A-Gypsy-Girl.jpg
https://images.squarespace-cdn.com/content/v1/599082a2e58c6284b2a19d1a/1538682480811-TIRVXPICTAWW1ATKQBFO/Dante+Gabriel+Rossetti+-+Lady+Lilith.jpg?format=1500w	static/images/Dante-Gabriel-Rossetti-Lady-Lilith.jpg
https://images.squarespace-cdn.com/content/v1/599082a2e58c6284b2a19d1a/1538931710963-SK2VPFIWH3LZQRE0CDBS/William+Powell+Frith+-+The+Artist%27s+Model+.jpg?format=1500w	static/images/William-Powell-Frith-The-Artists-Model-.jpg
https://images.squarespace-cdn.com/content/v1/599082a2e58c6284b2a19d1a/1539294444460-G9JL3ZMY2WJ5Z65Q8VYU/Charles+Robert+Leslie+-++Gulliver+Presented+to+the+Queen+of+Brobdignag.jpg?format=1500w	static/images/Charles-Robert-Leslie-Gulliver-Presented-to-the-Queen-of-Brobdignag.jpg
https://images.squarespace-cdn.com/content/v1/599082a2e58c6284b2a19d1a/1545773057847-R8AMSCZA378DWLLHA04A/Pointing+Hand.png?format=1500w	static/images/Pointing-Hand-9.png
https://images.squarespace-cdn.com/content/v1/599082a2e58c6284b2a19d1a/1539552117540-4F9ODTI4VW8ONRHGC0X1/James+Sant+-+Lesbia.jpg?format=1500w	static/images/James-Sant-Lesbia.jpg
https://images.squarespace-cdn.com/content/v1/599082a2e58c6284b2a19d1a/1539913267962-QGHKDADES1XCCQBIIDNB/Atkinson+Grimshaw+-+Park+Row%2C+Leeds.jpg?format=1500w	static/images/Atkinson-Grimshaw-Park-Row-Leeds.jpg
https://images.squarespace-cdn.com/content/v1/599082a2e58c6284b2a19d1a/1540148945795-9R4C7REWKJ8FA1V40O28/Abraham+Solomon+-+First+Class%2C+The+Meeting.jpg?format=1500w	static/images/Abraham-Solomon-First-Class-The-Meeting.jpg
https://images.squarespace-cdn.com/content/v1/599082a2e58c6284b2a19d1a/1538074693677-T10YSS03N17T2MQKTRPN/Henry+Moore+-+Light+Airs+at+Sunset.jpg?format=1500w	static/images/Henry-Moore-Light-Airs-at-Sunset.jpg
https://images.squarespace-cdn.com/content/v1/599082a2e58c6284b2a19d1a/1545229717693-CEKT8WNMFWCKUQSSH7NZ/Pointing+Hand.png?format=1500w	static/images/Pointing-Hand-10.png
https://images.squarespace-cdn.com/content/v1/599082a2e58c6284b2a19d1a/1538338327191-6BEZ5YT1WCK6G4SV27ZW/Myles+Birket+Foster+-+The+Milk-maid.jpg?format=1500w	static/images/Myles-Birket-Foster-The-Milk-maid.jpg
https://images.squarespace-cdn.com/content/v1/599082a2e58c6284b2a19d1a/1561324192479-BPTR0MHAXPIU9ZA05FFR/William+Powell+Frith+-++The+Toilet.jpg?format=1500w	static/images/William-Powell-Frith-The-Toilet.jpg
https://images.squarespace-cdn.com/content/v1/599082a2e58c6284b2a19d1a/1561661118613-RLPZ1W7ZYTG5QJ33B71F/John+Anster+Fitzgerald+-+The+Chase+of+the+White+Mouse.jpg?format=1500w	static/images/John-Anster-Fitzgerald-The-Chase-of-the-White-Mouse.jpg
https://images.squarespace-cdn.com/content/v1/599082a2e58c6284b2a19d1a/1570133912406-53M9DTJMHTL1TNBWZYKR/Pointing+Hand.png?format=1500w	static/images/Pointing-Hand-11.png
https://images.squarespace-cdn.com/content/v1/599082a2e58c6284b2a19d1a/1561754883689-X590CLLQ46JZBZDI4IUF/James+Sant+-+A+Thorn+Amidst+the+Roses.jpg?format=1500w	static/images/James-Sant-A-Thorn-Amidst-the-Roses.jpg
https://images.squarespace-cdn.com/content/v1/599082a2e58c6284b2a19d1a/1563213614190-C4K7X9T3U6DSRKD671T1/John+Charlton+-+%27God+save+the+Queen%27+-+Queen+Victoria+arriving+at+St+Paul%27s+Cathedral+on+the+Occasion+of+the+Diamond+Jubilee+Thanksgiving+Service%2C+22+June+1897.jpg?format=1500w	static/images/John-Charlton-God-save-the-Queen-Queen-Victoria-arriving-at-St-Pauls-Cathedral-on-the-Occasion-of-the-Diamond-Jubilee-Thanksgiving-Service-22-June-1897.jpg
https://images.squarespace-cdn.com/content/v1/599082a2e58c6284b2a19d1a/1570134018962-MREAYAFNSV3HUN0IF6ML/Pointing+Hand.png?format=1500w	static/images/Pointing-Hand-12.png
https://images.squarespace-cdn.com/content/v1/599082a2e58c6284b2a19d1a/1563738855854-X9DLMXHJ0TL9206QCWW2/William+Fraser+Garden+-+Houghton+Mill.jpg?format=1500w	static/images/William-Fraser-Garden-Houghton-Mill.jpg
https://images.squarespace-cdn.com/content/v1/599082a2e58c6284b2a19d1a/1559844402525-NGWI4XIAQOP4DXI0A6UO/Atkinson+Grimshaw+-+Scarborough+Beach.jpg?format=1500w	static/images/Atkinson-Grimshaw-Scarborough-Beach.jpg
https://images.squarespace-cdn.com/content/v1/599082a2e58c6284b2a19d1a/1570134156674-5AHL56TOEEOVF04VKWJ4/Pointing+Hand.png?format=1500w	static/images/Pointing-Hand-13.png
https://images.squarespace-cdn.com/content/v1/599082a2e58c6284b2a19d1a/1563743192786-33AO2ITSQNYF2DL5J2CV/James+Jacques+Joseph+Tissot+-+In+the+Sunshine.jpg?format=1500w	static/images/James-Jacques-Joseph-Tissot-In-the-Sunshine.jpg
https://images.squarespace-cdn.com/content/v1/599082a2e58c6284b2a19d1a/1561493396565-H96NT604S668CY1TJNG0/Thomas+Sidney+Cooper+-+Cattle+in+Canterbury+Meadows.jpg?format=1500w	static/images/Thomas-Sidney-Cooper-Cattle-in-Canterbury-Meadows.jpg
https://images.squarespace-cdn.com/content/v1/599082a2e58c6284b2a19d1a/1569528649738-5KWB9ZD13TX6BJNLIKOW/Pointing+Hand.png?format=1500w	static/images/Pointing-Hand-14.png
https://images.squarespace-cdn.com/content/v1/599082a2e58c6284b2a19d1a/1561583863976-W00Y4LKYCJTBNM5DNJM4/George+Elgar+Hicks+-+Fair+Critics.jpg?format=1500w	static/images/George-Elgar-Hicks-Fair-Critics.jpg
https://images.squarespace-cdn.com/content/v1/599082a2e58c6284b2a19d1a/1565311930590-T78BFVLU0OFGQQCOJ3KP/Helen+Allingham+-+At+the+Seashore.jpg?format=1500w	static/images/Helen-Allingham-At-the-Seashore.jpg
https://images.squarespace-cdn.com/content/v1/599082a2e58c6284b2a19d1a/1564080820531-MC5EME5K5PTZXU92XF5V/Arthur+Hughes+-+The+Property+Room.jpg?format=1500w	static/images/Arthur-Hughes-The-Property-Room.jpg
https://images.squarespace-cdn.com/content/v1/599082a2e58c6284b2a19d1a/1573751384030-5T2E5YO98BO1T3OFLQGL/Pointing+Hand.png?format=1500w	static/images/Pointing-Hand-15.png
https://images.squarespace-cdn.com/content/v1/599082a2e58c6284b2a19d1a/1566851860888-EDBFQWQOLHZOXF8RK5JF/Henry+Tanworth+Wells+-+Alice.jpg?format=1500w	static/images/Henry-Tanworth-Wells-Alice.jpg
https://images.squarespace-cdn.com/content/v1/599082a2e58c6284b2a19d1a/1564065656585-HM62PWCA47LLG2RQ9K3K/Charles+West+Cope+-+Breakfast+Time%2C+Morning+Games.jpg?format=1500w	static/images/Charles-West-Cope-Breakfast-Time-Morning-Games.jpg
https://images.squarespace-cdn.com/content/v1/599082a2e58c6284b2a19d1a/1571875469615-6S2I3HKR5Q4WZULPXRH1/Pointing+Hand.png?format=1500w	static/images/Pointing-Hand-16.png
https://images.squarespace-cdn.com/content/v1/599082a2e58c6284b2a19d1a/1564684348434-2EMSMXVX18GU0TVIWTYY/Marcus+Stone+-+The+End+Of+The+Story.jpg?format=1500w	static/images/Marcus-Stone-The-End-Of-The-Story.jpg
https://images.squarespace-cdn.com/content/v1/599082a2e58c6284b2a19d1a/1572552246030-CL5PARCQQ71083YXM0FC/Pointing+Hand.png?format=1500w	static/images/Pointing-Hand-17.png
https://images.squarespace-cdn.com/content/v1/599082a2e58c6284b2a19d1a/1567195677260-TJDFA7BMT0UTDO1J8G8B/James+Sant+-+Meditation+.jpg?format=1500w	static/images/James-Sant-Meditation-.jpg
https://images.squarespace-cdn.com/content/v1/599082a2e58c6284b2a19d1a/1567113442227-SFWRBVG1GALFSKF7MMZE/Frederick+Goodall+-+Age+and+Infancy+.jpg?format=1500w	static/images/Frederick-Goodall-Age-and-Infancy-.jpg
https://images.squarespace-cdn.com/content/v1/599082a2e58c6284b2a19d1a/1564348085073-I8F42LVSSZ9JPUJ3D44R/Sir+Lawrence+Alma-Tadema+-+A+Family+Group.jpg?format=1500w	static/images/Sir-Lawrence-Alma-Tadema-A-Family-Group.jpg
https://images.squarespace-cdn.com/content/v1/599082a2e58c6284b2a19d1a/1569271867965-WRI72632DTL3CZ6PK6B9/Charles+West+Cope+-+Oliver+Cromwell+and+His+Secretary+John+Milton%2C+Receiving+a+Deputation+Seeking+Aid+for+the+Swiss+Protestants.jpg?format=1500w	static/images/Charles-West-Cope-Oliver-Cromwell-and-His-Secretary-John-Milton-Receiving-a-Deputation-Seeking-Aid-for-the-Swiss-Protestants.jpg
https://images.squarespace-cdn.com/content/v1/599082a2e58c6284b2a19d1a/1572552128896-ZWLIPWDKT9YABT6433UJ/Pointing+Hand.png?format=1500w	static/images/Pointing-Hand-18.png
https://images.squarespace-cdn.com/content/v1/599082a2e58c6284b2a19d1a/1557432349863-XWFFQEQLR1KNNJ72UQY9/Jessica+Hayllar+-+The+Lemonade+Drink+.jpg?format=1500w	static/images/Jessica-Hayllar-The-Lemonade-Drink-.jpg
https://images.squarespace-cdn.com/content/v1/599082a2e58c6284b2a19d1a/1575152552866-UHWJDY4S1RG0RXWX6XKX/Pointing+Hand.png?format=1500w	static/images/Pointing-Hand-19.png
https://images.squarespace-cdn.com/content/v1/599082a2e58c6284b2a19d1a/1567365930809-REVSUNNJWC9D65S1IQLF/Philip+Calderon+-+Preparing+for+a+Walk.jpg?format=1500w	static/images/Philip-Calderon-Preparing-for-a-Walk.jpg
https://images.squarespace-cdn.com/content/v1/599082a2e58c6284b2a19d1a/1567719487526-KI84KD9Y0V3XW8XOM9TS/Edward+Robert+Hughes+-+The+Secret+Letter.jpg?format=1500w	static/images/Edward-Robert-Hughes-The-Secret-Letter.jpg
https://images.squarespace-cdn.com/content/v1/599082a2e58c6284b2a19d1a/1576164294905-1RH5NYTDPSY35Y50X9CK/Pointing+Hand.png?format=1500w	static/images/Pointing-Hand-20.png
https://images.squarespace-cdn.com/content/v1/599082a2e58c6284b2a19d1a/1567975049864-EU1SYMK5PSDSO4TIIIU6/Young+Girl+with+a+Basket+of+Eggs.jpg?format=1500w	static/images/Young-Girl-with-a-Basket-of-Eggs.jpg
https://images.squarespace-cdn.com/content/v1/599082a2e58c6284b2a19d1a/1568293912714-ZITG56DZY8I5X5I6EZE8/John+Ritchie+-+Christmas+Day.jpg?format=1500w	static/images/John-Ritchie-Christmas-Day.jpg
https://images.squarespace-cdn.com/content/v1/599082a2e58c6284b2a19d1a/1576183955675-RWIZ5I8GLDAQO3CRYLW0/Pointing+Hand.png?format=1500w	static/images/Pointing-Hand-21.png
https://images.squarespace-cdn.com/content/v1/599082a2e58c6284b2a19d1a/1570364192780-H4XXKT2YCMT7CLNUY5QP/Sir+Luke+Fildes+-+A+Schoolgirl+.jpg?format=1500w	static/images/Sir-Luke-Fildes-A-Schoolgirl-.jpg
https://images.squarespace-cdn.com/content/v1/599082a2e58c6284b2a19d1a/1569258657366-90CK75NX1UXGNN091TAC/William+Henry+Buck%2C+Swamp+Scene.jpg?format=1500w	static/images/William-Henry-Buck-Swamp-Scene.jpg
https://images.squarespace-cdn.com/content/v1/599082a2e58c6284b2a19d1a/1568755793463-PMZLIGT7UEQDWVCEF17L/John+Callcott+Horsley+-+The+Banker%27s+Private+Room+-+Negotiating+a+Loan.jpg?format=1500w	static/images/John-Callcott-Horsley-The-Bankers-Private-Room-Negotiating-a-Loan.jpg
https://images.squarespace-cdn.com/content/v1/599082a2e58c6284b2a19d1a/1542163411068-VEHJLCL5RP0DP5LK13F8/Sir+William+Quiller+Orchardson+-+The+Chinese+Cabinet.jpg?format=1500w	static/images/Sir-William-Quiller-Orchardson-The-Chinese-Cabinet.jpg
https://images.squarespace-cdn.com/content/v1/599082a2e58c6284b2a19d1a/1542328082228-N77NOBRQ9LUV6ILJ7NSO/Herbert+Draper+-+The+Lament+for+Icarus.jpg?format=1500w	static/images/Herbert-Draper-The-Lament-for-Icarus.jpg
https://images.squarespace-cdn.com/content/v1/599082a2e58c6284b2a19d1a/1550085793065-YHXB9210PECS44YFIHNE/Pointing+Hand.png?format=1500w	static/images/Pointing-Hand-22.png
https://images.squarespace-cdn.com/content/v1/599082a2e58c6284b2a19d1a/1542167380287-TODLGCLH1HWNVYD5RFRS/Archibald+J.+Stuart+Wortley+-+Lilian+Eld%C3%A9e.jpg?format=1500w	static/images/Archibald-J.-Stuart-Wortley-Lilian-Eldée.jpg
https://images.squarespace-cdn.com/content/v1/599082a2e58c6284b2a19d1a/1544128291765-02Z8QE6F0A693D292LSE/Atkinson+Grimshaw%2C+Tree+Shadows+on+the+Park+Wall%2C+Roundhay+Park%2C+Leeds.jpg?format=1500w	static/images/Atkinson-Grimshaw-Tree-Shadows-on-the-Park-Wall-Roundhay-Park-Leeds.jpg
https://images.squarespace-cdn.com/content/v1/599082a2e58c6284b2a19d1a/1549040940643-CMGQ5PWAB2SZH7OMZU1C/Pointing+Hand+in+Reverse.png?format=1500w	static/images/Pointing-Hand-in-Reverse.png
https://images.squarespace-cdn.com/content/v1/599082a2e58c6284b2a19d1a/1548300141003-M9GKVOH7W7C87NP2QXPZ/Pointing+Hand.png?format=1500w	static/images/Pointing-Hand-23.png
https://images.squarespace-cdn.com/content/v1/599082a2e58c6284b2a19d1a/1542163984545-XDRKTGLSVF3OUYZHF6AC/Joseph+Farquharson+-+An+Aberdeenshire+Farm+Under+Snow.jpg?format=1500w	static/images/Joseph-Farquharson-An-Aberdeenshire-Farm-Under-Snow.jpg
https://images.squarespace-cdn.com/content/v1/599082a2e58c6284b2a19d1a/1542573066243-BPK8U9PE4F9O6YZ1M55N/James+Jacques+Joseph+Tissot+-+Woman+in+an+Interior.jpg?format=1500w	static/images/James-Jacques-Joseph-Tissot-Woman-in-an-Interior.jpg
https://images.squarespace-cdn.com/content/v1/599082a2e58c6284b2a19d1a/1540745180590-3O2017EBZOZG3Z3ZTGHI/George+Frederic+Watts%2C+Miss+May+Prinsep.jpeg?format=1500w	static/images/George-Frederic-Watts-Miss-May-Prinsep.jpeg
https://images.squarespace-cdn.com/content/v1/599082a2e58c6284b2a19d1a/1541109670724-YARWDL9RJYBPNDMDIPLR/Henry+Holiday+-+First+Meeting+of+Dante+and+Beatrice.jpeg?format=1500w	static/images/Henry-Holiday-First-Meeting-of-Dante-and-Beatrice.jpeg
https://images.squarespace-cdn.com/content/v1/599082a2e58c6284b2a19d1a/1543781364681-V7OX3CO1WA60F4K959SM/Edmund+Blair+Leighton+-+Til+Death+Do+Us+Part.jpg?format=1500w	static/images/Edmund-Blair-Leighton-Til-Death-Do-Us-Part.jpg
https://images.squarespace-cdn.com/content/v1/599082a2e58c6284b2a19d1a/1540499343637-CYQ5OK7391SUAA6S5LZ7/From+Dickinson%27s+Comprehensive+Pictures+of+the+Great+Exhibition+of+1851.jpg?format=1500w	static/images/From-Dickinsons-Comprehensive-Pictures-of-the-Great-Exhibition-of-1851.jpg
https://images.squarespace-cdn.com/content/v1/599082a2e58c6284b2a19d1a/1551798223144-688THSHOTEMY8I62CSWH/Pointing+Hand.png?format=1500w	static/images/Pointing-Hand-24.png
https://images.squarespace-cdn.com/content/v1/599082a2e58c6284b2a19d1a/1544391875951-F1S1VPRL4P99SFMRL73R/George+Bernard+O%27Neill+-+The+Reproof.jpg?format=1500w	static/images/George-Bernard-ONeill-The-Reproof.jpg
https://images.squarespace-cdn.com/content/v1/599082a2e58c6284b2a19d1a/1542924462108-TFFV55FULYVO2CMH0T77/William+Fraser+Garden+-+Back+Lane%2C+Holywell.jpg?format=1500w	static/images/William-Fraser-Garden-Back-Lane-Holywell.jpg
https://images.squarespace-cdn.com/content/v1/599082a2e58c6284b2a19d1a/1548300346752-2OQ2SWGQ81I5L5CMNHR2/Pointing+Hand.png?format=1500w	static/images/Pointing-Hand-25.png
https://images.squarespace-cdn.com/content/v1/599082a2e58c6284b2a19d1a/1549551314952-NMOAK2WEXZCJ7MV7BHJU/William+Powell+Frith%2C+The+Derby+Day.jpg?format=1500w	static/images/William-Powell-Frith-The-Derby-Day.jpg
https://images.squarespace-cdn.com/content/v1/599082a2e58c6284b2a19d1a/1551562495082-0HAO93686ZWF7USN0VNK/Pointing+Hand.png?format=1500w	static/images/Pointing-Hand-26.png
https://images.squarespace-cdn.com/content/v1/599082a2e58c6284b2a19d1a/1545019923740-4YP36G38R4FESM3M96QI/Thomas+Benjamin+Kennington+-+The+Letter.jpg?format=1500w	static/images/Thomas-Benjamin-Kennington-The-Letter.jpg
https://images.squarespace-cdn.com/content/v1/599082a2e58c6284b2a19d1a/1545360717889-4V9W6LB5VTHPAF7ZS9RQ/Frederick+William+Hulme+-+A+Quiet+Retreat%2C+Surrey.jpg?format=1500w	static/images/Frederick-William-Hulme-A-Quiet-Retreat-Surrey.jpg
https://images.squarespace-cdn.com/content/v1/599082a2e58c6284b2a19d1a/1553221151637-4YB7I15MAUBR3O5CBAEQ/Pointing+Hand.png?format=1500w	static/images/Pointing-Hand-27.png
https://images.squarespace-cdn.com/content/v1/599082a2e58c6284b2a19d1a/1543191979604-TS6XIYDSJJGI4OBBHHUY/George+Paul+Chalmers%2C+Old+Letters?format=1500w	static/images/George-Paul-Chalmers-Old-Letters.jpg
https://images.squarespace-cdn.com/content/v1/599082a2e58c6284b2a19d1a/1543521881643-2JF3WJVSSLADGUQWKGWU/62A+Bonheur%2C+Sheep+in+a+Landscape.jpg?format=1500w	static/images/62A-Bonheur-Sheep-in-a-Landscape.jpg
https://images.squarespace-cdn.com/content/v1/599082a2e58c6284b2a19d1a/1551187537569-PUC8P6MQPLIUFZWAZ3EP/Pointing+Hand.png?format=1500w	static/images/Pointing-Hand-28.png
https://images.squarespace-cdn.com/content/v1/599082a2e58c6284b2a19d1a/1546553775865-7RGABQ72E3KE6X7U3M8F/John+Evans+Hodgson+-+The+Fruit+Bearer+.jpg?format=1500w	static/images/John-Evans-Hodgson-The-Fruit-Bearer-.jpg
https://images.squarespace-cdn.com/content/v1/599082a2e58c6284b2a19d1a/1551384796928-W4WEHKF3Q9ZZZCOQ5Y97/Pointing+Hand.png?format=1500w	static/images/Pointing-Hand-29.png
https://images.squarespace-cdn.com/content/v1/599082a2e58c6284b2a19d1a/1546823839200-4TZUJINDY5MP4TWEKN2J/William+Powell+Frith+-+The+Fair+Toxophilites.jpg?format=1500w	static/images/William-Powell-Frith-The-Fair-Toxophilites.jpg
https://images.squarespace-cdn.com/content/v1/599082a2e58c6284b2a19d1a/1545669394602-XZMXCYGQ6DD9DS0P0TEH/Thomas+Phillips+-+George+O%27Brien+Wyndham+%281751%E2%80%931837%29%2C+3rd+Earl+of+Egremont%2C+and+His+Daughter+Mary+Wyndham+%281791%E2%80%931842%29%2C+Later+Countess+of+Munster.jpg?format=1500w	static/images/Thomas-Phillips-George-OBrien-Wyndham-17511837-3rd-Earl-of-Egremont-and-His-Daughter-Mary-Wyndham-17911842-Later-Countess-of-Munster.jpg
https://images.squarespace-cdn.com/content/v1/599082a2e58c6284b2a19d1a/1555784123684-UJXBZLJXWBFRSTKPBAMM/Sir+Luke+Fildes+-+The+Doctor.jpg?format=1500w	static/images/Sir-Luke-Fildes-The-Doctor.jpg
https://images.squarespace-cdn.com/content/v1/599082a2e58c6284b2a19d1a/1553870195357-NK19LN3CPWG2QJZZ5AQS/Pointing+Hand.png?format=1500w	static/images/Pointing-Hand-30.png
https://images.squarespace-cdn.com/content/v1/599082a2e58c6284b2a19d1a/1547414223204-LRXQ35942V4N6AH1WCZX/John+William+Waterhouse+-+The+Flowerpicker.jpg?format=1500w	static/images/John-William-Waterhouse-The-Flowerpicker.jpg
https://images.squarespace-cdn.com/content/v1/599082a2e58c6284b2a19d1a/1555775812391-1JULMNS5Q9WIMLCGXL9Q/The+Goddess+of+Discord+Choosing+the+Apple+of+Contention+in+the+Garden+of+the+Hesperides.jpg?format=1500w	static/images/The-Goddess-of-Discord-Choosing-the-Apple-of-Contention-in-the-Garden-of-the-Hesperides.jpg
https://images.squarespace-cdn.com/content/v1/599082a2e58c6284b2a19d1a/1567635045869-89XXBUW3GH3GAKGNDYC3/Pointing+Hand.png?format=1500w	static/images/Pointing-Hand-31.png
https://images.squarespace-cdn.com/content/v1/599082a2e58c6284b2a19d1a/1548014148658-O3XATSZFBU9SAZITVUG3/Solomon+Joseph+Solomon+-+A+Conversation+Piece.jpg?format=1500w	static/images/Solomon-Joseph-Solomon-A-Conversation-Piece.jpg
https://images.squarespace-cdn.com/content/v1/599082a2e58c6284b2a19d1a/1545964722151-B7EKDVFHHLPQZKMS0JF0/Youth+on+the+Prow%2C+and+Pleasure+at+the+Helm.jpg?format=1500w	static/images/Youth-on-the-Prow-and-Pleasure-at-the-Helm.jpg
https://images.squarespace-cdn.com/content/v1/599082a2e58c6284b2a19d1a/1546279556555-4XPV9S9G3MP2N3M0VQWP/George+Elgar+Hicks+-+Home+From+School.jpg?format=1500w	static/images/George-Elgar-Hicks-Home-From-School.jpg
https://images.squarespace-cdn.com/content/v1/599082a2e58c6284b2a19d1a/1548968282266-X21FEFQ1HT1FVHRAS593/John+Berney+Ladbrooke+-+Cows+in+a+Woodland+Pool+.jpg?format=1500w	static/images/John-Berney-Ladbrooke-Cows-in-a-Woodland-Pool-.jpg
https://images.squarespace-cdn.com/content/v1/599082a2e58c6284b2a19d1a/1556075168834-B50CSH2L30PWEWSMHXN3/Pointing+Hand.png?format=1500w	static/images/Pointing-Hand-32.png
https://images.squarespace-cdn.com/content/v1/599082a2e58c6284b2a19d1a/1549226658683-8A8YE7PYND8N08D3AILW/Arnold+Ness+Klagstad%2C+Archer+Daniels+Midland+Elevator.jpg?format=1500w	static/images/Arnold-Ness-Klagstad-Archer-Daniels-Midland-Elevator.jpg
https://images.squarespace-cdn.com/content/v1/599082a2e58c6284b2a19d1a/b71f7824-2c60-4b68-aceb-7e5bf2c3b8e8/P.T.+Barnum+Circus+Poster.jpg?format=1500w	static/images/P.T.-Barnum-Circus-Poster.jpg
https://images.squarespace-cdn.com/content/v1/599082a2e58c6284b2a19d1a/1557450091888-WD1IYQZVA2L8Y165F6ZZ/Pointing+Hand.png?format=1500w	static/images/Pointing-Hand-33.png
https://images.squarespace-cdn.com/content/v1/599082a2e58c6284b2a19d1a/1549908204255-80U6WX1TY9E50QSS443F/John+Ballantyne+-+William+Powell+Frith+Painting+the+Princess+of+Wales.jpg?format=1500w	static/images/John-Ballantyne-William-Powell-Frith-Painting-the-Princess-of-Wales.jpg
https://images.squarespace-cdn.com/content/v1/599082a2e58c6284b2a19d1a/1550185147482-P92J1MTASKTW9ELS5SS2/Joseph+Farquharson+-+Herding+Sheep+in+a+Winter+Landscape+at+Sunset.jpg?format=1500w	static/images/Joseph-Farquharson-Herding-Sheep-in-a-Winter-Landscape-at-Sunset.jpg
https://images.squarespace-cdn.com/content/v1/599082a2e58c6284b2a19d1a/1556814284844-ZD4OC6Q5LSSMHUEZLC6M/Pointing+Hand.png?format=1500w	static/images/Pointing-Hand-34.png
https://images.squarespace-cdn.com/content/v1/599082a2e58c6284b2a19d1a/1550435210102-PRTEN9IWB5SOSH2QOYYE/Sir+Francis+Grant+-+Mary+Isabella+Grant+Knitting+a+Shawl+.jpg?format=1500w	static/images/Sir-Francis-Grant-Mary-Isabella-Grant-Knitting-a-Shawl-.jpg
https://images.squarespace-cdn.com/content/v1/599082a2e58c6284b2a19d1a/1548370851298-1INWOSPVIN5G4X0SY6R4/Gustave+Moreau%2C+Hercules+and+the+Lernaean+Hydra.jpg?format=1500w	static/images/Gustave-Moreau-Hercules-and-the-Lernaean-Hydra.jpg
https://images.squarespace-cdn.com/content/v1/599082a2e58c6284b2a19d1a/1556719415469-LAO2VBAXG8C56T6RWTBV/Pointing+Hand.png?format=1500w	static/images/Pointing-Hand-35.png
https://images.squarespace-cdn.com/content/v1/599082a2e58c6284b2a19d1a/1548623142625-OE48XXFUNIE2WA7P10KZ/George+Elgar+Hicks+-+Mother+and+Child+1863.jpg?format=1500w	static/images/George-Elgar-Hicks-Mother-and-Child-1863.jpg
https://images.squarespace-cdn.com/content/v1/599082a2e58c6284b2a19d1a/1550802349567-KP8NO4309RYJ5CKUD045/Valentine+Cameron+Prinsep+-+A+Venetian+Gaming-House+in+the+Sixteenth+Century.jpg?format=1500w	static/images/Valentine-Cameron-Prinsep-A-Venetian-Gaming-House-in-the-Sixteenth-Century.jpg
https://images.squarespace-cdn.com/content/v1/599082a2e58c6284b2a19d1a/1558529610449-818UN58YPF31C9FAH9SU/Pointing+Hand.png?format=1500w	static/images/Pointing-Hand-36.png
https://images.squarespace-cdn.com/content/v1/599082a2e58c6284b2a19d1a/1551638265775-CN2N8DRCQS6063XPHTR5/Sir+Francis+Grant+-+Portrait+of+a+Lady+.jpg?format=1500w	static/images/Sir-Francis-Grant-Portrait-of-a-Lady-.jpg
https://images.squarespace-cdn.com/content/v1/599082a2e58c6284b2a19d1a/1551989463928-ZMRUQ3VASZUI35WFE6NG/John+Collier+-+Artemis+.jpg?format=1500w	static/images/John-Collier-Artemis-.jpg
https://images.squarespace-cdn.com/content/v1/599082a2e58c6284b2a19d1a/1552236367352-5TUAF3VZ7PI6F40QWOEO/Sir+Francis+Grant+-+Lady+Katherine+Isabella+Manners%2C+Countess+Jermyn+.jpg?format=1500w	static/images/Sir-Francis-Grant-Lady-Katherine-Isabella-Manners-Countess-Jermyn-.jpg
https://images.squarespace-cdn.com/content/v1/599082a2e58c6284b2a19d1a/1552591252095-DB77TLDLKO5FRFMSWZ58/Walter+Crane+-+Diana+and+Endymion.jpg?format=1500w	static/images/Walter-Crane-Diana-and-Endymion.jpg
https://images.squarespace-cdn.com/content/v1/599082a2e58c6284b2a19d1a/1552953398047-JHE865C65FTQDCSKOJ0L/Sir+Francis+Grant%2C+Portrait+of+a+Young+Lady.jpg?format=1500w	static/images/Sir-Francis-Grant-Portrait-of-a-Young-Lady.jpg
https://images.squarespace-cdn.com/content/v1/599082a2e58c6284b2a19d1a/1553197358291-H0HX17Q2PBA1VS37ZWHH/Edward+Robert+Hughes%2C+Diana%27s+Maidens.jpg?format=1500w	static/images/Edward-Robert-Hughes-Dianas-Maidens.jpg
https://images.squarespace-cdn.com/content/v1/599082a2e58c6284b2a19d1a/1560828052691-WT62YUISUK64RPBPUA85/Pointing+Hand.png?format=1500w	static/images/Pointing-Hand-37.png
https://images.squarespace-cdn.com/content/v1/599082a2e58c6284b2a19d1a/1551037532301-JLAOHVKB94TR3FA3KID6/Marcus+Stone+-+Absence+Makes+the+Heart+Grow+Fonder.jpg?format=1500w	static/images/Marcus-Stone-Absence-Makes-the-Heart-Grow-Fonder.jpg
https://images.squarespace-cdn.com/content/v1/599082a2e58c6284b2a19d1a/1551384059259-MNKMKK0I5U0APMUUBBDW/Edward+John+Poynter+-+Diana+and+Endymion+.jpg?format=1500w	static/images/Edward-John-Poynter-Diana-and-Endymion-.jpg
https://images.squarespace-cdn.com/content/v1/599082a2e58c6284b2a19d1a/1554411995027-YRKH4SPJG9MTD20JNTPH/James+Sant-George+Villiers%2C+4th+Earl+of+Clarendon.jpg?format=1500w	static/images/James-Sant-George-Villiers-4th-Earl-of-Clarendon.jpg
https://images.squarespace-cdn.com/content/v1/599082a2e58c6284b2a19d1a/1561660558969-1IWMCDDBOJ7VPS8GE5TY/Pointing+Hand.png?format=1500w	static/images/Pointing-Hand-38.png
https://images.squarespace-cdn.com/content/v1/599082a2e58c6284b2a19d1a/1554755299700-0DS7Q2G9Z7PPXXQJOINV/William+Etty%2C+The+Hon.+Mrs.+Caroline+Norton+and+Her+Sisters.jpg?format=1500w	static/images/William-Etty-The-Hon.-Mrs.-Caroline-Norton-and-Her-Sisters.jpg
https://images.squarespace-cdn.com/content/v1/599082a2e58c6284b2a19d1a/1553457015178-P1BABKKAKJJUDYCTN7LS/portrait-of-miss-grant-the-artists-daughter.jpeg?format=1500w	static/images/portrait-of-miss-grant-the-artists-daughter.jpeg
https://images.squarespace-cdn.com/content/v1/599082a2e58c6284b2a19d1a/1555022892694-ZCFSTQ97IVE8AUWLLW71/Alexandre-Gabriel+Decamps%2C+The+Experts.jpg?format=1500w	static/images/Alexandre-Gabriel-Decamps-The-Experts.jpg
https://images.squarespace-cdn.com/content/v1/599082a2e58c6284b2a19d1a/1563637168516-D1LGYPIZ29EQF87VV68V/Pointing+Hand+in+Reverse.png?format=1500w	static/images/Pointing-Hand-in-Reverse-2.png
https://images.squarespace-cdn.com/content/v1/599082a2e58c6284b2a19d1a/1555266353055-DOEHFR8FDQIZGMFKNRPU/Edmund+Blair+Leighton+-+Our+Next-Door+Neighbor.jpg?format=1500w	static/images/Edmund-Blair-Leighton-Our-Next-Door-Neighbor.jpg
https://images.squarespace-cdn.com/content/v1/599082a2e58c6284b2a19d1a/1555614378336-BT532Y530II103LKTNLA/Edwin+Longsden+Long+-+The+Gods+and+Their+Makers.jpg?format=1500w	static/images/Edwin-Longsden-Long-The-Gods-and-Their-Makers.jpg
https://images.squarespace-cdn.com/content/v1/599082a2e58c6284b2a19d1a/1564077846188-ZZF2H8529N2BU1XHH2HW/Pointing+Hand.png?format=1500w	static/images/Pointing-Hand-39.png
https://images.squarespace-cdn.com/content/v1/599082a2e58c6284b2a19d1a/1555880973036-EBGRFDICBN7LZF5N3UB1/James+Sant+-+Enigma+.jpg?format=1500w	static/images/James-Sant-Enigma-.jpg
https://images.squarespace-cdn.com/content/v1/599082a2e58c6284b2a19d1a/1553802970531-UCO4TD7X3E2QTK3TWZ5G/1879_Lawrence_Alma-Tadema_-_Strigils_and_sponges.jpg?format=1500w	static/images/1879_Lawrence_Alma-Tadema_-_Strigils_and_sponges.jpg
https://images.squarespace-cdn.com/content/v1/599082a2e58c6284b2a19d1a/1554068037474-T8E6X5FXEBJ2N2F2MCYF/Charles+West+Cope%2C+Hope+Deferred%2C+and+Hopes+and+Fears+that+Kindle+Hope.jpg?format=1500w	static/images/Charles-West-Cope-Hope-Deferred-and-Hopes-and-Fears-that-Kindle-Hope.jpg
https://images.squarespace-cdn.com/content/v1/599082a2e58c6284b2a19d1a/1556836473171-J4M3ONH18HVA1HEVOK34/John+Constable+-++The+Mill+Stream%2C+Willy+Lott%27s+House+.jpg?format=1500w	static/images/John-Constable-The-Mill-Stream-Willy-Lotts-House-.jpg
https://images.squarespace-cdn.com/content/v1/599082a2e58c6284b2a19d1a/1557073523054-FD075UC5DHOL5ZE3QKWC/Alexander+Wyant%2C+Potomac+River+by+Hancock+Point+.Jpeg?format=1500w	static/images/Alexander-Wyant-Potomac-River-by-Hancock-Point-.Jpeg
https://images.squarespace-cdn.com/content/v1/599082a2e58c6284b2a19d1a/1563377253022-GIV80O1T8RHWRFRANGJG/John+Evans+Hodgson+-+Holbein%27s+Studio+.jpg?format=1500w	static/images/John-Evans-Hodgson-Holbeins-Studio-.jpg
https://images.squarespace-cdn.com/content/v1/599082a2e58c6284b2a19d1a/1557685029768-GCN6JTKNXAKWE72G9LWH/John+Lavery+-+Portrait+of+a+Lady+in+a+Green+Coat+.jpg?format=1500w	static/images/John-Lavery-Portrait-of-a-Lady-in-a-Green-Coat-.jpg
https://images.squarespace-cdn.com/content/v1/599082a2e58c6284b2a19d1a/1558036501253-2V960G3Y1GZRRKBZCQRJ/James+Stark+-+Drover+with+Cattle+and+Sheep.jpg?format=1500w	static/images/James-Stark-Drover-with-Cattle-and-Sheep.jpg
https://images.squarespace-cdn.com/content/v1/599082a2e58c6284b2a19d1a/1558413736459-9RFTMKCP1A48768X1MZ8/Edith+Hayllar+-+A+Summer+Shower.jpg?format=1500w	static/images/Edith-Hayllar-A-Summer-Shower.jpg
https://images.squarespace-cdn.com/content/v1/599082a2e58c6284b2a19d1a/1547759167679-K38E0SCT308VK09OQMWI/Daniel+Maclise+-+Caxton+showing+the+first+specimen+of+his+printing+to+King+Edward+IV+and+Queen+Elizabeth+at+the+Almonry%2C+Westminster+1851.jpg?format=1500w	static/images/Daniel-Maclise-Caxton-showing-the-first-specimen-of-his-printing-to-King-Edward-IV-and-Queen-Elizabeth-at-the-Almonry-Westminster-1851.jpg
https://images.squarespace-cdn.com/content/v1/599082a2e58c6284b2a19d1a/1558584038740-BRS0INL6NDGVLZU84OMI/William+Etty+-+Pandora+Crowned+by+the+Seasons.jpg?format=1500w	static/images/William-Etty-Pandora-Crowned-by-the-Seasons.jpg
https://images.squarespace-cdn.com/content/v1/599082a2e58c6284b2a19d1a/1567095641734-SUE47ELES0BKP2EYBHOV/Pointing+Hand.png?format=1500w	static/images/Pointing-Hand-40.png
https://images.squarespace-cdn.com/content/v1/599082a2e58c6284b2a19d1a/1567282775727-X5POL7SN92QHAMFZI89Z/Sir+Luke+Fildes+-+Naomi+.jpg?format=1500w	static/images/Sir-Luke-Fildes-Naomi-.jpg
https://images.squarespace-cdn.com/content/v1/599082a2e58c6284b2a19d1a/1556462781981-SMT7ATU6W0MVQCOJBR12/George+Frederick+Watts+-+Charity+.jpg?format=1500w	static/images/George-Frederick-Watts-Charity-.jpg
https://images.squarespace-cdn.com/content/v1/599082a2e58c6284b2a19d1a/1559525378496-QIFHT3ZNSOHKYO1IOZTY/Edward+John+Poynter+-+A+Day+Dream.jpg?format=1500w	static/images/Edward-John-Poynter-A-Day-Dream.jpg
https://images.squarespace-cdn.com/content/v1/599082a2e58c6284b2a19d1a/1561833054573-QUNCB3AEQOXWFVW6ETFX/James+Sant+-+Caroline%2C+3rd+Countess+of+Mount+Edgcumbe+with+Her+Two+Youngest+Children%2C+Charles+and+Ernestine+.jpg?format=1500w	static/images/James-Sant-Caroline-3rd-Countess-of-Mount-Edgcumbe-with-Her-Two-Youngest-Children-Charles-and-Ernestine-.jpg
https://images.squarespace-cdn.com/content/v1/599082a2e58c6284b2a19d1a/1567819704713-W2WHI184F0NQS6OHXJSI/Pointing+Hand.png?format=1500w	static/images/Pointing-Hand-41.png
https://images.squarespace-cdn.com/content/v1/599082a2e58c6284b2a19d1a/1560114857318-NFZKT92QWXJ6O6HI4QIH/Alson+Skinner+Clark%2C+The+Coffee+House.jpg?format=1500w	static/images/Alson-Skinner-Clark-The-Coffee-House.jpg
https://images.squarespace-cdn.com/content/v1/599082a2e58c6284b2a19d1a/1560466952688-3CX3P5Y0NX3WR9WLNQES/Stanhope+Alexander+Forbes+-+Feeding+the+Pigs+.jpg?format=1500w	static/images/Stanhope-Alexander-Forbes-Feeding-the-Pigs-.jpg
https://images.squarespace-cdn.com/content/v1/599082a2e58c6284b2a19d1a/1560702969601-EBJTSU5NEZRR7OPQRTJG/Samuel+Bough+-+Port+Glasgow+Harbour+1853.jpg?format=1500w	static/images/Samuel-Bough-Port-Glasgow-Harbour-1853.jpg
https://images.squarespace-cdn.com/content/v1/599082a2e58c6284b2a19d1a/1561066046775-S5VWA6OM9H1JP2GQUGNK/John+Callcott+Horsley+-+Youth+and+Age.jpg?format=1500w	static/images/John-Callcott-Horsley-Youth-and-Age.jpg
https://images.squarespace-cdn.com/content/v1/599082a2e58c6284b2a19d1a/1569605399031-6T3P49B77SXP2Y535B57/Pointing+Hand+in+Reverse.png?format=1500w	static/images/Pointing-Hand-in-Reverse-3.png
https://images.squarespace-cdn.com/content/v1/599082a2e58c6284b2a19d1a/1569272139543-MIR5HFDTX9EHG4TEIK97/Pointing+Hand.png?format=1500w	static/images/Pointing-Hand-42.png
https://images.squarespace-cdn.com/content/v1/599082a2e58c6284b2a19d1a/1559077269956-9UWBJQV8X0P4G2K8UR85/Sir+Daniel+McNee+-+A+Lady+in+Grey+Prints+1859.jpg?format=1500w	static/images/Sir-Daniel-McNee-A-Lady-in-Grey-Prints-1859.jpg
https://images.squarespace-cdn.com/content/v1/599082a2e58c6284b2a19d1a/1559236829050-P8NVQGIKWDHTMAEWAF9G/William+Powell+Frith+-+The+New+Earrings.jpg?format=1500w	static/images/William-Powell-Frith-The-New-Earrings.jpg
https://images.squarespace-cdn.com/content/v1/599082a2e58c6284b2a19d1a/1570136606414-1XMSR7KIH1XX37DONAJA/James+Jacques+Joseph+Tissot+-+A+Passing+Storm.jpg?format=1500w	static/images/James-Jacques-Joseph-Tissot-A-Passing-Storm.jpg
https://images.squarespace-cdn.com/content/v1/599082a2e58c6284b2a19d1a/1578084970480-TGNOECFMHO349FMCEZ0O/Pointing+Hand.png?format=1500w	static/images/Pointing-Hand-43.png
https://images.squarespace-cdn.com/content/v1/599082a2e58c6284b2a19d1a/1569790863640-370GKB72NU97QJOUN0WA/Edmund+Blair+Leighton+-+Signing+the+Register.jpg?format=1500w	static/images/Edmund-Blair-Leighton-Signing-the-Register.jpg
https://images.squarespace-cdn.com/content/v1/599082a2e58c6284b2a19d1a/1570743467173-CLSW4HONJTQQJXPAQOX6/Benjamin+Leader+-+February+Fill+Dyke.jpg?format=1500w	static/images/Benjamin-Leader-February-Fill-Dyke.jpg
https://images.squarespace-cdn.com/content/v1/599082a2e58c6284b2a19d1a/1571003831760-8AX2B55IUWQ74FLWKUN0/Henry+Tanworth+Wells+-+Emma+and+Federica+Bankes+of+Soughton+Hall.jpg?format=1500w	static/images/Henry-Tanworth-Wells-Emma-and-Federica-Bankes-of-Soughton-Hall.jpg
https://images.squarespace-cdn.com/content/v1/599082a2e58c6284b2a19d1a/1571154185442-VVK6TRMLFT7VJ4U8HGMO/John+William+Waterhouse+-+Pandora.jpg?format=1500w	static/images/John-William-Waterhouse-Pandora.jpg
https://images.squarespace-cdn.com/content/v1/599082a2e58c6284b2a19d1a/1579723063366-5H028B6XPL5LBT3UCCSJ/Pointing+Hand.png?format=1500w	static/images/Pointing-Hand-44.png
https://images.squarespace-cdn.com/content/v1/599082a2e58c6284b2a19d1a/1571601325338-ULU0W3Z4GDKO9SQ5I53V/George+Frederick+Watts+-+Ellen+Terry+.jpg?format=1500w	static/images/George-Frederick-Watts-Ellen-Terry-.jpg
https://images.squarespace-cdn.com/content/v1/599082a2e58c6284b2a19d1a/1569519755803-6MKXK6D4IOKBHFWENINE/James+Sant+-+The+Schoolmaster%27s+Daughter+.jpg?format=1500w	static/images/James-Sant-The-Schoolmasters-Daughter-.jpg
https://images.squarespace-cdn.com/content/v1/599082a2e58c6284b2a19d1a/1569183992879-FI61HCEBFNXEVLM3LVEO/James+Clarke+Hook+-+Wreckage+from+the+Fruiter+1889.jpg?format=1500w	static/images/James-Clarke-Hook-Wreckage-from-the-Fruiter-1889.jpg
https://images.squarespace-cdn.com/content/v1/599082a2e58c6284b2a19d1a/1595994219200-654KQQCMZ5YN6EDYXX41/Richard+Buckner+-+Emily+Lady+Isham.jpg?format=1500w	static/images/Richard-Buckner-Emily-Lady-Isham.jpg
https://images.squarespace-cdn.com/content/v1/599082a2e58c6284b2a19d1a/1596074073504-CKHOQ2AJ7IL10KO1F62C/George+Goodwin+Kilburne+-+Poor+Relations.jpg?format=1500w	static/images/George-Goodwin-Kilburne-Poor-Relations.jpg
https://images.squarespace-cdn.com/content/v1/599082a2e58c6284b2a19d1a/1596075714891-MG2CLDAAFK13LSHUJFS0/John+William+Godward+-+Mischief+and+Repose.jpg?format=1500w	static/images/John-William-Godward-Mischief-and-Repose.jpg
https://images.squarespace-cdn.com/content/v1/599082a2e58c6284b2a19d1a/1596150489689-M9Z6J61LM2YS0HWP1DIH/John+Bagnold+Burgess+-+A+Spanish+Beauty+in+a+Red+and+Black+Lace+Shawl+1892.jpg?format=1500w	static/images/John-Bagnold-Burgess-A-Spanish-Beauty-in-a-Red-and-Black-Lace-Shawl-1892.jpg
https://images.squarespace-cdn.com/content/v1/599082a2e58c6284b2a19d1a/1596420101893-OXRB99NV727QEVLG1BMC/Helen+Allingham+-+The+Clothes+Line.jpg?format=1500w	static/images/Helen-Allingham-The-Clothes-Line.jpg
https://images.squarespace-cdn.com/content/v1/599082a2e58c6284b2a19d1a/1596422864480-F51O58MF8PLG1V3J7VC5/William+Edward+Millner+-+The+End+of+the+Day.jpg?format=1500w	static/images/William-Edward-Millner-The-End-of-the-Day.jpg
https://images.squarespace-cdn.com/content/v1/599082a2e58c6284b2a19d1a/1595527608694-8Z2JQJQ3E3DCQY4SCW2L/William+Ett%E2%80%94Preparing+for+a+Fancy+Dress+Ball.jpg?format=1500w	static/images/William-EttPreparing-for-a-Fancy-Dress-Ball.jpg
https://images.squarespace-cdn.com/content/v1/599082a2e58c6284b2a19d1a/1596766856004-HEDEEXQI1HFVSH0V6T0K/Atkinson+Grimshaw+-+A+Moonlit+Lane.jpg?format=1500w	static/images/Atkinson-Grimshaw-A-Moonlit-Lane.jpg
https://images.squarespace-cdn.com/content/v1/599082a2e58c6284b2a19d1a/1602904650953-LCPEP3EDWWEJGO909911/Pointing+Hand.png?format=1500w	static/images/Pointing-Hand-45.png
https://images.squarespace-cdn.com/content/v1/599082a2e58c6284b2a19d1a/1595794850682-VWEOC9QLQLBJ4Z9RW78U/Samuel+Bough+-+The+Highland+Shoot+1864.jpg?format=1500w	static/images/Samuel-Bough-The-Highland-Shoot-1864.jpg
https://images.squarespace-cdn.com/content/v1/599082a2e58c6284b2a19d1a/1597019478055-0Z12HJ7FLY6AF05S0CPS/Jan+van+Beers-Portrait+of+a+Young+Woman.jpg?format=1500w	static/images/Jan-van-Beers-Portrait-of-a-Young-Woman.jpg
https://images.squarespace-cdn.com/content/v1/599082a2e58c6284b2a19d1a/1597190896588-K9FL8DISPNEQ4INQLPAL/Thomas+Francis+Dicksee+-+Ophelia.jpg?format=1500w	static/images/Thomas-Francis-Dicksee-Ophelia.jpg
https://images.squarespace-cdn.com/content/v1/599082a2e58c6284b2a19d1a/1597194487719-4G2FXH2UYWBIFOPLZQ9M/Daniel+Maclise+-+Title+Unknown+1842.jpg?format=1500w	static/images/Daniel-Maclise-Title-Unknown-1842.jpg
https://images.squarespace-cdn.com/content/v1/599082a2e58c6284b2a19d1a/1597336287094-EFUCVSI2E33A2H8HTZT4/Atkinson+Grimshaw+-+Moonlight+on+the+Lake%2C+Roundhay+Park%2C+Leeds.jpg?format=1500w	static/images/Atkinson-Grimshaw-Moonlight-on-the-Lake-Roundhay-Park-Leeds.jpg
https://images.squarespace-cdn.com/content/v1/599082a2e58c6284b2a19d1a/1605317446776-JYK24WA9VH968O171F5N/Pointing+Hand.png?format=1500w	static/images/Pointing-Hand-46.png
https://images.squarespace-cdn.com/content/v1/599082a2e58c6284b2a19d1a/1597450212014-1SMOLY35X2MTT1Z028RT/John+William+Godward+-+Ionian+Dancing+Girl.jpg?format=1500w	static/images/John-William-Godward-Ionian-Dancing-Girl.jpg
https://images.squarespace-cdn.com/content/v1/599082a2e58c6284b2a19d1a/1597934144553-Z9Q53V6O9II4LMRLC7O3/Lawrence+Alma-Tadema+-+Ask+Me+No+More.jpg?format=1500w	static/images/Lawrence-Alma-Tadema-Ask-Me-No-More.jpg
https://images.squarespace-cdn.com/content/v1/599082a2e58c6284b2a19d1a/1605978617815-Q894ARCEXMVNZNQMA67Z/Pointing+Hand.png?format=1500w	static/images/Pointing-Hand-47.png
https://images.squarespace-cdn.com/content/v1/599082a2e58c6284b2a19d1a/1596768333560-GXBQMNATZZE3OK5UFJ68/Frederick+Daniel+Hardy+-++An+Anxious+Time+.jpg?format=1500w	static/images/Frederick-Daniel-Hardy-An-Anxious-Time-.jpg
https://images.squarespace-cdn.com/content/v1/599082a2e58c6284b2a19d1a/1597012402568-1WC1MOXS0GJLH2Y773MP/Robert+Alexander+Hillingford+-+Gifts+for+the+War+Chest.jpg?format=1500w	static/images/Robert-Alexander-Hillingford-Gifts-for-the-War-Chest.jpg
https://images.squarespace-cdn.com/content/v1/599082a2e58c6284b2a19d1a/1602904842007-4MMEJUCOOVCLGKCWIT29/Pointing+Hand.png?format=1500w	static/images/Pointing-Hand-48.png
https://images.squarespace-cdn.com/content/v1/599082a2e58c6284b2a19d1a/1598215454080-4KLUUWL9C7IGDLWE6UHM/John+Partridge+-+The+Clough-Taylor+Family+.jpg?format=1500w	static/images/John-Partridge-The-Clough-Taylor-Family-.jpg
https://images.squarespace-cdn.com/content/v1/599082a2e58c6284b2a19d1a/1599169909501-4UH6QGPU4NTC1PGLG6IB/Sir+Lawrence+Alma-Tadema+-+An+Oleander.jpg?format=1500w	static/images/Sir-Lawrence-Alma-Tadema-An-Oleander.jpg
https://images.squarespace-cdn.com/content/v1/599082a2e58c6284b2a19d1a/1606778845891-R7E34XS1DPQJPJZLC3UQ/Pointing+Hand.png?format=1500w	static/images/Pointing-Hand-49.png
https://images.squarespace-cdn.com/content/v1/599082a2e58c6284b2a19d1a/1599429530791-75X44LOE3KPREOGBVIY1/Alfred+Elmore+-+Much+Ado+About+Nothing.jpg?format=1500w	static/images/Alfred-Elmore-Much-Ado-About-Nothing.jpg
https://images.squarespace-cdn.com/content/v1/599082a2e58c6284b2a19d1a/1599752840348-WOHOH9Z33ZLRN17W3YTV/Henry+John+Yeend+King+-+Twas+the+Night+Before+Christmas.jpg?format=1500w	static/images/Henry-John-Yeend-King-Twas-the-Night-Before-Christmas.jpg
https://images.squarespace-cdn.com/content/v1/599082a2e58c6284b2a19d1a/1600045139405-7QVB6494IQNLNB1T32VD/Paul+Cornoyer%2C+A+Rainy+Day+in+New+York.jpg?format=1500w	static/images/Paul-Cornoyer-A-Rainy-Day-in-New-York.jpg
https://images.squarespace-cdn.com/content/v1/599082a2e58c6284b2a19d1a/1600381776001-81CM3ZIEMMUJ84Y3TC0K/Sir+Lawrence+Alma-Tadema+-+Comparisons.jpg?format=1500w	static/images/Sir-Lawrence-Alma-Tadema-Comparisons-2.jpg
https://images.squarespace-cdn.com/content/v1/599082a2e58c6284b2a19d1a/1608676418291-38SQUSFEF8UBSY4PKVEU/Pointing+Hand.png?format=1500w	static/images/Pointing-Hand-50.png
https://images.squarespace-cdn.com/content/v1/599082a2e58c6284b2a19d1a/1600640456542-3SY27KRGILGS3MKZSL6W/Albert+Chevallier+Tayler+-+The+Quiet+Hour.jpg?format=1500w	static/images/Albert-Chevallier-Tayler-The-Quiet-Hour.jpg
https://images.squarespace-cdn.com/content/v1/599082a2e58c6284b2a19d1a/1598566993922-EBBXXYO5MB2EZFW3EDWN/John+Pettie+-+The+Gambler%27s+Victim+.jpg?format=1500w	static/images/John-Pettie-The-Gamblers-Victim-.jpg
https://images.squarespace-cdn.com/content/v1/599082a2e58c6284b2a19d1a/1607140022325-QMJ9K6IUDYEZIDQ2HATF/Pointing+Hand.png?format=1500w	static/images/Pointing-Hand-51.png
https://images.squarespace-cdn.com/content/v1/599082a2e58c6284b2a19d1a/1598827279916-A0E5TC54Y1NSXP21ZQWC/Richard+Dadd+-+Portrait+of+a+Young+Man.jpg?format=1500w	static/images/Richard-Dadd-Portrait-of-a-Young-Man.jpg
https://images.squarespace-cdn.com/content/v1/599082a2e58c6284b2a19d1a/1572383730673-LIXLJYVLLGS7X3KRI022/Albert+Joseph+Moore+-+Birds+of+the+Air+.jpg?format=1500w	static/images/Albert-Joseph-Moore-Birds-of-the-Air-.jpg
https://images.squarespace-cdn.com/content/v1/599082a2e58c6284b2a19d1a/1580421487715-BK36C8IEK3CD7JH3PJO1/Pointing+Hand.png?format=1500w	static/images/Pointing-Hand-52.png
https://images.squarespace-cdn.com/content/v1/599082a2e58c6284b2a19d1a/1573422266670-D7FKYOQX2M39YGLZDN43/Edward+Robert+Hughes+-+A+First+Visit+to+the+Dentist.jpg?format=1500w	static/images/Edward-Robert-Hughes-A-First-Visit-to-the-Dentist.jpg
https://images.squarespace-cdn.com/content/v1/599082a2e58c6284b2a19d1a/1573168856498-VOBJFEUP2K8DR213BS27/Hubert+von+Herkomer+-+Miss+May+Miles.jpg?format=1500w	static/images/Hubert-von-Herkomer-Miss-May-Miles.jpg
https://images.squarespace-cdn.com/content/v1/599082a2e58c6284b2a19d1a/1573428929221-LVZ78DML1W7WPWIGCZRZ/George+Frederick+Watts+-+Reverend+A.+Wellsted+.jpg?format=1500w	static/images/George-Frederick-Watts-Reverend-A.-Wellsted-.jpg
https://images.squarespace-cdn.com/content/v1/599082a2e58c6284b2a19d1a/1573779491183-LWFCJ8ZFQDO4WZQ80QUZ/Thomas+Anshutz%2C+A+Rose.jpg?format=1500w	static/images/Thomas-Anshutz-A-Rose.jpg
https://images.squarespace-cdn.com/content/v1/599082a2e58c6284b2a19d1a/1582153669323-1TOAUT17Q400V141O2OQ/Pointing+Hand.png?format=1500w	static/images/Pointing-Hand-53.png
https://images.squarespace-cdn.com/content/v1/599082a2e58c6284b2a19d1a/1574010128824-6ZN0OXDCAMBNHI34LTE9/James+Stark%2C+Woody+Landscape.jpg?format=1500w	static/images/James-Stark-Woody-Landscape.jpg
https://images.squarespace-cdn.com/content/v1/599082a2e58c6284b2a19d1a/1574367622979-1J0XBF85HO6K5HUNOMA8/Sir+William+Blake+Richmond+-+Countess+of+Airlie.jpg?format=1500w	static/images/Sir-William-Blake-Richmond-Countess-of-Airlie.jpg
https://images.squarespace-cdn.com/content/v1/599082a2e58c6284b2a19d1a/1573416720664-LJDV9RDZ8ICZ51ONQDFT/George+Elgar+Hicks+-+Dividend+Day+at+the+Bank+of+England.jpg?format=1500w	static/images/George-Elgar-Hicks-Dividend-Day-at-the-Bank-of-England.jpg
https://images.squarespace-cdn.com/content/v1/599082a2e58c6284b2a19d1a/1609729815873-Z3BFPXZXC23C15BHSGT9/William+Frederick+Yeames+-+Peace+and+War.jpg?format=1500w	static/images/William-Frederick-Yeames-Peace-and-War.jpg
https://images.squarespace-cdn.com/content/v1/599082a2e58c6284b2a19d1a/1575238660996-PPFFIX8TT1TOCEHSUN4F/George+Dunlop+Leslie+-+The+Daughters+of+Eve.jpg?format=1500w	static/images/George-Dunlop-Leslie-The-Daughters-of-Eve.jpg
https://images.squarespace-cdn.com/content/v1/599082a2e58c6284b2a19d1a/1583605006406-ZD3GR1LIF7V0XKY4GGVY/John+Ritchie%2C+The+Captain%27s+Auction.jpg?format=1500w	static/images/John-Ritchie-The-Captains-Auction.jpg
https://images.squarespace-cdn.com/content/v1/599082a2e58c6284b2a19d1a/1583344190506-0GIRU98C3H5N4ZZIOFNB/Pointing+Hand.png?format=1500w	static/images/Pointing-Hand-54.png
https://images.squarespace-cdn.com/content/v1/599082a2e58c6284b2a19d1a/1575842141359-V39121WV9Z6LA3160S36/James+Jacques+Joseph+Tissot+-+Seaside.jpg?format=1500w	static/images/James-Jacques-Joseph-Tissot-Seaside.jpg
https://images.squarespace-cdn.com/content/v1/599082a2e58c6284b2a19d1a/1581004472811-58NQA3E3FVRS0MB1DKM0/Frederick+Walker+-+Strange+Faces.jpg?format=1500w	static/images/Frederick-Walker-Strange-Faces.jpg
https://images.squarespace-cdn.com/content/v1/599082a2e58c6284b2a19d1a/1576426800491-KRNH4NWAQNHEDU4OPHZW/George+Hayter+-+The+Honourable+Mrs+William+Ashley+.jpg?format=1500w	static/images/George-Hayter-The-Honourable-Mrs-William-Ashley-.jpg
https://images.squarespace-cdn.com/content/v1/599082a2e58c6284b2a19d1a/1576790382329-XPF5P9MPVLF6MLI3INJL/Henry+Moore+-+Light+Airs+at+Sunset+1870-73.jpg?format=1500w	static/images/Henry-Moore-Light-Airs-at-Sunset-1870-73.jpg
https://images.squarespace-cdn.com/content/v1/599082a2e58c6284b2a19d1a/1576790494068-LHWTT5LCHX9W83NH7X7X/Pointing+Hand.png?format=1500w	static/images/Pointing-Hand-55.png
https://images.squarespace-cdn.com/content/v1/599082a2e58c6284b2a19d1a/1574621515658-E065EYSC7Q55X9RFYKM4/James+Sant%2C+The+Duet.jpg?format=1500w	static/images/James-Sant-The-Duet.jpg
https://images.squarespace-cdn.com/content/v1/599082a2e58c6284b2a19d1a/1577133105134-C11S8G2F2IA2XRXA9D73/William+Powell+Frith+-++Mary%2C+Queen+of+Scots+Bidding+Farewell+to+France%2C+1561+.jpg?format=1500w	static/images/William-Powell-Frith-Mary-Queen-of-Scots-Bidding-Farewell-to-France-1561-.jpg
https://images.squarespace-cdn.com/content/v1/599082a2e58c6284b2a19d1a/1582840508263-Y4NW8YRIC8JIGOTKELOQ/James+Jacques+Joseph+Tissot+-+At+the+Rifle+Range.jpg?format=1500w	static/images/James-Jacques-Joseph-Tissot-At-the-Rifle-Range.jpg
https://images.squarespace-cdn.com/content/v1/599082a2e58c6284b2a19d1a/1585845407085-TBUOTP6R6EHC2YHB453H/Walter+Langley+-+Silent+Sorrow.jpg?format=1500w	static/images/Walter-Langley-Silent-Sorrow.jpg
https://images.squarespace-cdn.com/content/v1/599082a2e58c6284b2a19d1a/1578257001027-0J1WOXZ9MLJHW5ZLZAFL/Thomas+Phillips%2C+William+Blathwayt+IV+and+His+Wife%2C+Frances+Scott.jpg?format=1500w	static/images/Thomas-Phillips-William-Blathwayt-IV-and-His-Wife-Frances-Scott.jpg
https://images.squarespace-cdn.com/content/v1/599082a2e58c6284b2a19d1a/1578602344309-EY9QI72CBTBR1TK898EE/Sir+William+Quiller+Orchardson+-+Four+Generations-+Queen+Victoria+and+Her+Descendants+.jpg?format=1500w	static/images/Sir-William-Quiller-Orchardson-Four-Generations-Queen-Victoria-and-Her-Descendants-.jpg
https://images.squarespace-cdn.com/content/v1/599082a2e58c6284b2a19d1a/1578873508709-1ET9QUUZXMTYU6W4EIJ4/Sir+William+Quiller+Orchardson+-+The+Rivals.jpg?format=1500w	static/images/Sir-William-Quiller-Orchardson-The-Rivals.jpg
https://images.squarespace-cdn.com/content/v1/599082a2e58c6284b2a19d1a/1586916166463-8TMOEM37LSQ8BE7WHGCY/Stanhope+Alexander+Forbes+-+A+Fish+Sale+on+a+Cornish+Beach+1885.jpg?format=1500w	static/images/Stanhope-Alexander-Forbes-A-Fish-Sale-on-a-Cornish-Beach-1885.jpg
https://images.squarespace-cdn.com/content/v1/599082a2e58c6284b2a19d1a/1587320844037-LBTTQIHPPX3PJA40EOO8/Pointing+Hand+in+Reverse.png?format=1500w	static/images/Pointing-Hand-in-Reverse-4.png
https://images.squarespace-cdn.com/content/v1/599082a2e58c6284b2a19d1a/1587329393951-T9JKBR0W4D46TK374ZA9/Pointing+Hand.png?format=1500w	static/images/Pointing-Hand-56.png
https://images.squarespace-cdn.com/content/v1/599082a2e58c6284b2a19d1a/1579457924193-R6BZ171JR4EIHWR99ZQK/Albert+Goodwin+-+The+Abbey+Church%2C+Christchurch.jpg?format=1500w	static/images/Albert-Goodwin-The-Abbey-Church-Christchurch.jpg
https://images.squarespace-cdn.com/content/v1/599082a2e58c6284b2a19d1a/1577402391182-QVGPINP93JF08POJCZV7/Daniel+Maclise+-+Phoebe+and+Silvius+in+the+Forest+of+Arden%2C+from+Shakespeare%27s+%27As+You+Like+It%27+1853.jpg?format=1500w	static/images/Daniel-Maclise-Phoebe-and-Silvius-in-the-Forest-of-Arden-from-Shakespeares-As-You-Like-It-1853.jpg
https://images.squarespace-cdn.com/content/v1/599082a2e58c6284b2a19d1a/1577934229484-3E12AFOKSQTAMKEKNF0A/James+Charles+-++Study+of+a+Girl+in+White+.jpg?format=1500w	static/images/James-Charles-Study-of-a-Girl-in-White-.jpg
https://images.squarespace-cdn.com/content/v1/599082a2e58c6284b2a19d1a/1580683998030-UMX4NEJRTNFOGX069UVK/John+Roddam+Spencer+Stanhope%2C+The+Temptation+of+Eve.jpg?format=1500w	static/images/John-Roddam-Spencer-Stanhope-The-Temptation-of-Eve.jpg
https://images.squarespace-cdn.com/content/v1/599082a2e58c6284b2a19d1a/1587344690902-1UNIJIWZ9MQNA5XP6WVW/Valentine+Cameron+Prinsep+-+The+Queen+was+in+the+Parlour%2C+Eating+Bread+and+Honey.jpg?format=1500w	static/images/Valentine-Cameron-Prinsep-The-Queen-was-in-the-Parlour-Eating-Bread-and-Honey.jpg
https://images.squarespace-cdn.com/content/v1/599082a2e58c6284b2a19d1a/1576166073966-800U90WMJRR25WTQE0ZV/John+Everett+Millais+-+The+Twins%2C+Portrait+of+Kate+Edith+and+Grace+Maud+Hoare.jpg?format=1500w	static/images/John-Everett-Millais-The-Twins-Portrait-of-Kate-Edith-and-Grace-Maud-Hoare.jpg
https://images.squarespace-cdn.com/content/v1/599082a2e58c6284b2a19d1a/1581270185354-7X6C3B8NGX10QYIHEHFD/Heywood+Hardy%2C+The+Meeting+in+the+Forest.jpg?format=1500w	static/images/Heywood-Hardy-The-Meeting-in-the-Forest.jpg
https://images.squarespace-cdn.com/content/v1/599082a2e58c6284b2a19d1a/1586974959413-VSN4VCI67BGOHHAMF7N6/George+Caleb+Bingham%2C+Landscape+with+Cattle.jpg?format=1500w	static/images/George-Caleb-Bingham-Landscape-with-Cattle.jpg
https://images.squarespace-cdn.com/content/v1/599082a2e58c6284b2a19d1a/1581629139135-9GZIFZGD81E9E67QDQGT/William+Holbrook+Beard%2C+The+Bulls+and+Bears+in+the+Market.jpg?format=1500w	static/images/William-Holbrook-Beard-The-Bulls-and-Bears-in-the-Market.jpg
https://images.squarespace-cdn.com/content/v1/599082a2e58c6284b2a19d1a/1581876233894-XYVG0J4JJM7ON2JBU8QI/George+Elgar+Hicks+-+Woman%27s+Mission+-+Companion+of+Manhood.JPG?format=1500w	static/images/George-Elgar-Hicks-Womans-Mission-Companion-of-Manhood.JPG
https://images.squarespace-cdn.com/content/v1/599082a2e58c6284b2a19d1a/1582226497457-XLR1I64CJGHF3IIUYKS8/Albert+Joseph+Moore+-+Waiting+to+Cross.jpg?format=1500w	static/images/Albert-Joseph-Moore-Waiting-to-Cross.jpg
https://images.squarespace-cdn.com/content/v1/599082a2e58c6284b2a19d1a/1590003777240-P1V5MP6HAI6B9YAXUDI4/Pointing+Hand.png?format=1500w	static/images/Pointing-Hand-57.png
https://images.squarespace-cdn.com/content/v1/599082a2e58c6284b2a19d1a/1587051600655-6PB5CZXDMUW3XQEM3WM0/John_William_Waterhouse_-_Echo_and_Narcissus_-_Google_Art_Project.jpg?format=1500w	static/images/John_William_Waterhouse_-_Echo_and_Narcissus_-_Google_Art_Project.jpg
https://images.squarespace-cdn.com/content/v1/599082a2e58c6284b2a19d1a/1583437566210-UF0R7MWTJV5RPI3BUFRC/Edward+Burne-Jones+-+The+Garden+Court.jpg?format=1500w	static/images/Edward-Burne-Jones-The-Garden-Court.jpg
https://images.squarespace-cdn.com/content/v1/599082a2e58c6284b2a19d1a/1583765277165-N0CUWTIDR13EQV6BXEG5/Evelyn+De+Morgan+-+Hope+in+the+Prison+of+Despair.jpg?format=1500w	static/images/Evelyn-De-Morgan-Hope-in-the-Prison-of-Despair-2.jpg
https://images.squarespace-cdn.com/content/v1/599082a2e58c6284b2a19d1a/1591106695897-1KZ6Q2MFK2IZRJVKQHFJ/Atkinson+Grimshaw+-+A+Wet+Road+by+Moonlight%2C+Wharfedale.jpg?format=1500w	static/images/Atkinson-Grimshaw-A-Wet-Road-by-Moonlight-Wharfedale.jpg
https://images.squarespace-cdn.com/content/v1/599082a2e58c6284b2a19d1a/1584040122286-L246UZZV7DPRQYKD4T22/Evelyn+De+Morgan+-+The+Love+Potion.jpg?format=1500w	static/images/Evelyn-De-Morgan-The-Love-Potion.jpg
https://images.squarespace-cdn.com/content/v1/599082a2e58c6284b2a19d1a/1584304800031-A6HRQ170X0DBTT7WTVWG/Evelyn+Morgan%2C+Cadmus+and+Harmonia.jpg?format=1500w	static/images/Evelyn-Morgan-Cadmus-and-Harmonia.jpg
https://images.squarespace-cdn.com/content/v1/599082a2e58c6284b2a19d1a/1584652745414-SXL1STKEIWULKNPOV3MM/Evelyn+de+Morgan+-+Cassandra.jpg?format=1500w	static/images/Evelyn-de-Morgan-Cassandra.jpg
https://images.squarespace-cdn.com/content/v1/599082a2e58c6284b2a19d1a/1591927524026-OY21R7X8JEXF30J5Y1XL/Pointing+Hand.png?format=1500w	static/images/Pointing-Hand-58.png
https://images.squarespace-cdn.com/content/v1/599082a2e58c6284b2a19d1a/1584910121565-909B8Q3BSIC5PKP0275B/Evelyn+de+Morgan+-+The+Soul%27s+Prison+House.jpg?format=1500w	static/images/Evelyn-de-Morgan-The-Souls-Prison-House.jpg
https://images.squarespace-cdn.com/content/v1/599082a2e58c6284b2a19d1a/1574971525808-7GPB8PR7BV8XTEWAIK6F/George+Elgar+Hicks+-+A+girl+listening+to+the+ticking+of+a+pocketwatch+while+sitting+on+her+mother%27s+lap+1867.jpg?format=1500w	static/images/George-Elgar-Hicks-A-girl-listening-to-the-ticking-of-a-pocketwatch-while-sitting-on-her-mothers-lap-1867.jpg
https://images.squarespace-cdn.com/content/v1/599082a2e58c6284b2a19d1a/1583032346449-K7Z9NKRGR6Z0DEQOD1C1/Henry+Nelson+O%27Neil+-+Painting+con+Amore+.jpg?format=1500w	static/images/Henry-Nelson-ONeil-Painting-con-Amore-.jpg
https://images.squarespace-cdn.com/content/v1/599082a2e58c6284b2a19d1a/1577990394220-YZ177HPN00AIPW48PP4E/Frank+Bramley%2C+Domino%21++.jpg?format=1500w	static/images/Frank-Bramley-Domino-.jpg
https://images.squarespace-cdn.com/content/v1/599082a2e58c6284b2a19d1a/1594415076378-DSNX1VSJEZ5IVNKVUNID/Pointing+Hand.png?format=1500w	static/images/Pointing-Hand-59.png
https://images.squarespace-cdn.com/content/v1/599082a2e58c6284b2a19d1a/1586113675433-U7WFL4IH094J5MPI00MI/Hubert+von+Herkomer+-+Our+Village+.jpg?format=1500w	static/images/Hubert-von-Herkomer-Our-Village-.jpg
https://images.squarespace-cdn.com/content/v1/599082a2e58c6284b2a19d1a/1586467893425-D3JA24VNKPQX6GJ6VTDL/Edward+Robert+Hughes+-+Night+with+Her+Train+of+Stars.jpg?format=1500w	static/images/Edward-Robert-Hughes-Night-with-Her-Train-of-Stars.jpg
https://images.squarespace-cdn.com/content/v1/599082a2e58c6284b2a19d1a/1586737727123-GXLOJFTK2S3ZT9FUV0IU/Sir+William+Quiller+Orchardson%2C+The+Young+Housewife.jpg?format=1500w	static/images/Sir-William-Quiller-Orchardson-The-Young-Housewife.jpg
https://images.squarespace-cdn.com/content/v1/599082a2e58c6284b2a19d1a/1594526190283-2P4E4PQZGX3VQYZW1F11/Edward+John+Poynter+-+The+Champion+Swimmer+.jpeg?format=1500w	static/images/Edward-John-Poynter-The-Champion-Swimmer-.jpeg
https://images.squarespace-cdn.com/content/v1/599082a2e58c6284b2a19d1a/1593639381557-NUYPUU2MK9R63PSRAKJC/Pointing+Hand.png?format=1500w	static/images/Pointing-Hand-60.png
https://images.squarespace-cdn.com/content/v1/599082a2e58c6284b2a19d1a/1587331349703-KM2T1U9CU5TKP1046EVU/Benjamin+Leader+-+A+Woodland+Path%2C+North+Wales.jpg?format=1500w	static/images/Benjamin-Leader-A-Woodland-Path-North-Wales.jpg
https://images.squarespace-cdn.com/content/v1/599082a2e58c6284b2a19d1a/1585063004427-MAMVGL9X467EX643LGMT/Evelyn+de+Morgan+-+The+Angel+of+Death.jpg?format=1500w	static/images/Evelyn-de-Morgan-The-Angel-of-Death.jpg
https://images.squarespace-cdn.com/content/v1/599082a2e58c6284b2a19d1a/1593639148024-SI61R9906AROGIP3AMLX/Pointing+Hand+in+Reverse.png?format=1500w	static/images/Pointing-Hand-in-Reverse-5.png
https://images.squarespace-cdn.com/content/v1/599082a2e58c6284b2a19d1a/1585514396573-2AJWSIOATVKYR5ODIV0T/Philip+Calderon+-+Margaret+.jpg?format=1500w	static/images/Philip-Calderon-Margaret-.jpg
https://images.squarespace-cdn.com/content/v1/599082a2e58c6284b2a19d1a/1580411467662-1E2XW8LGRFH2ZNPLX6T0/James+Jacques+Joseph+Tissot%2C+Portsmouth+Dockyard%2C+or+How+Happy+I+Could+Be+with+Either.jpg?format=1500w	static/images/James-Jacques-Joseph-Tissot-Portsmouth-Dockyard-or-How-Happy-I-Could-Be-with-Either.jpg
https://images.squarespace-cdn.com/content/v1/599082a2e58c6284b2a19d1a/1588538631149-2NEWPJ6FI0DCSEHQ5R08/John+Henry+Henshall+-+Thoughts.jpg?format=1500w	static/images/John-Henry-Henshall-Thoughts.jpg
https://images.squarespace-cdn.com/content/v1/599082a2e58c6284b2a19d1a/1589142542658-9CYLY1BFV86W6VLE527J/Sir+Luke+Fildes+-+Carina+.jpg?format=1500w	static/images/Sir-Luke-Fildes-Carina-.jpg
https://images.squarespace-cdn.com/content/v1/599082a2e58c6284b2a19d1a/1589475365572-TVZ2LKSR2KCHPP0Q8TRY/William+Henry+Knight+-+The+Last+Change.jpg?format=1500w	static/images/William-Henry-Knight-The-Last-Change.jpg
https://images.squarespace-cdn.com/content/v1/599082a2e58c6284b2a19d1a/1597452477063-X5BT9HWNH2SM4KD9J2LT/Pointing+Hand.png?format=1500w	static/images/Pointing-Hand-61.png
https://images.squarespace-cdn.com/content/v1/599082a2e58c6284b2a19d1a/1589751401780-DB00D47G4R9AHTQY6SWI/Edward+John+Poynter+-+In+a+Garden.jpg?format=1500w	static/images/Edward-John-Poynter-In-a-Garden.jpg
https://images.squarespace-cdn.com/content/v1/599082a2e58c6284b2a19d1a/1590694729340-EFBC3CONYQ7XSV8UOVD7/Edward+John+Poynter+-+Andromeda.jpg?format=1500w	static/images/Edward-John-Poynter-Andromeda.jpg
https://images.squarespace-cdn.com/content/v1/599082a2e58c6284b2a19d1a/1587927980496-IZWQTH1GUC3FCQHH92QX/Edward+John+Gregory+-+The+Spoils+Of+Opportunity.jpg?format=1500w	static/images/Edward-John-Gregory-The-Spoils-Of-Opportunity.jpg
https://images.squarespace-cdn.com/content/v1/599082a2e58c6284b2a19d1a/1579814348318-VEHLAV4LI5MIBQDF5VST/Chateau+Lafite-Rothschild+1883.jpg?format=1500w	static/images/Chateau-Lafite-Rothschild-1883.jpg
https://images.squarespace-cdn.com/content/v1/599082a2e58c6284b2a19d1a/1590345216575-56VDJ5WOOQ1C3YDQ6D1W/James+Jacques+Joseph+Tissot+-+Room+Overlooking+the+Harbor.jpg?format=1500w	static/images/James-Jacques-Joseph-Tissot-Room-Overlooking-the-Harbor.jpg
https://images.squarespace-cdn.com/content/v1/599082a2e58c6284b2a19d1a/1592277132172-ARGLET5P7IKT3YQYBQKC/John+Bagnold+Burgess+-+The+Meeting+of+East+and+West.jpg?format=1500w	static/images/John-Bagnold-Burgess-The-Meeting-of-East-and-West.jpg
https://images.squarespace-cdn.com/content/v1/599082a2e58c6284b2a19d1a/1598756893552-VE2LA63NU2N3L55J59CI/Pointing+Hand.png?format=1500w	static/images/Pointing-Hand-62.png
https://images.squarespace-cdn.com/content/v1/599082a2e58c6284b2a19d1a/1592281405893-A2BFSVW0SPYEXUREEA24/George+Frederick+Watts+-+Lady+Dalrymple+.jpg?format=1500w	static/images/George-Frederick-Watts-Lady-Dalrymple-.jpg
https://images.squarespace-cdn.com/content/v1/599082a2e58c6284b2a19d1a/1594525835275-53HT8AFSUYS41LZJWJOU/Dante+Gabriel+Rossetti%2C+Venus+Verticordia.jpg?format=1500w	static/images/Dante-Gabriel-Rossetti-Venus-Verticordia.jpg
https://images.squarespace-cdn.com/content/v1/599082a2e58c6284b2a19d1a/1600103658841-BDU6OQPV18Z6CX55QDBZ/Pointing+Hand.png?format=1500w	static/images/Pointing-Hand-63.png
https://images.squarespace-cdn.com/content/v1/599082a2e58c6284b2a19d1a/1594743215816-ULZCXQB1WN4T7Y5SQX49/Charles+Edward+Perugini+-+Playing+at+Work+.jpg?format=1500w	static/images/Charles-Edward-Perugini-Playing-at-Work-.jpg
https://images.squarespace-cdn.com/content/v1/599082a2e58c6284b2a19d1a/1594940088786-BRPNQJXOGSN2QQPP4NCM/Charles+Burton+Barber+-+The+Broken+String.jpg?format=1500w	static/images/Charles-Burton-Barber-The-Broken-String.jpg
https://images.squarespace-cdn.com/content/v1/599082a2e58c6284b2a19d1a/1595179166579-H20APZCNCOFHQZU4TXNG/Frederick+Richard+Lee+-+Lake+in+a+Park.jpg?format=1500w	static/images/Frederick-Richard-Lee-Lake-in-a-Park.jpg
https://images.squarespace-cdn.com/content/v1/599082a2e58c6284b2a19d1a/1590694086191-T85KEW1TI0ANV98PDEE8/George+Dunlop+Leslie+-+Pot-Pourri.jpg?format=1500w	static/images/George-Dunlop-Leslie-Pot-Pourri.jpg
https://images.squarespace-cdn.com/content/v1/599082a2e58c6284b2a19d1a/1590945051348-7ZOHIE4UDHCZQQGI2FN2/William+Holman+Hunt+-+Morning+Prayer.jpg?format=1500w	static/images/William-Holman-Hunt-Morning-Prayer.jpg
https://images.squarespace-cdn.com/content/v1/599082a2e58c6284b2a19d1a/1601839987865-CP2FXKC9NBN1WG7IPR1T/Walter+Field+-+Men+were+Deceivers+Ever.jpg?format=1500w	static/images/Walter-Field-Men-were-Deceivers-Ever.jpg
https://images.squarespace-cdn.com/content/v1/599082a2e58c6284b2a19d1a/1604593102576-88VWCU3MSF4BRZKJ8Z0I/Albert+Goodwin+-+A+Day%27s+End.jpg?format=1500w	static/images/Albert-Goodwin-A-Days-End.jpg
https://images.squarespace-cdn.com/content/v1/599082a2e58c6284b2a19d1a/1609905036910-UTPNI89X4WHFBOQZ8CIH/Pointing+Hand.png?format=1500w	static/images/Pointing-Hand-64.png
https://images.squarespace-cdn.com/content/v1/599082a2e58c6284b2a19d1a/1602449309923-ZQGUM7P4ENIP0RWQONYY/James+Webb+and+Charles+Earle+-+Brighton+Pier.jpg?format=1500w	static/images/James-Webb-and-Charles-Earle-Brighton-Pier.jpg
https://images.squarespace-cdn.com/content/v1/599082a2e58c6284b2a19d1a/1600977857531-P27ZYV5SR0T7K4KA24PH/George+Dunlop+Leslie-Sweet+Peas.jpg?format=1500w	static/images/George-Dunlop-Leslie-Sweet-Peas.jpg
https://images.squarespace-cdn.com/content/v1/599082a2e58c6284b2a19d1a/1602792690567-TRBS6UZEM6L0M5XLWIL7/Evelyn+de+Morgan+-+Port+After+Stormy+Seas.jpg?format=1500w	static/images/Evelyn-de-Morgan-Port-After-Stormy-Seas.jpg
https://images.squarespace-cdn.com/content/v1/599082a2e58c6284b2a19d1a/1603056208918-8CGYJWA55ZSACOEHIO2E/David+Roberts+-+Kurf%C3%BCrstliche+Burg%2C+Eltville%2C+on+the+Rhine%2C+Germany.jpg?format=1500w	static/images/David-Roberts-Kurfürstliche-Burg-Eltville-on-the-Rhine-Germany.jpg
https://images.squarespace-cdn.com/content/v1/599082a2e58c6284b2a19d1a/1603384358788-4PVDV3C2T6U3SCCZR7GW/Lord+Frederic+Leighton+-+The+Arts+of+Industry+as+Applied+to+Peace.jpg?format=1500w	static/images/Lord-Frederic-Leighton-The-Arts-of-Industry-as-Applied-to-Peace.jpg
https://images.squarespace-cdn.com/content/v1/599082a2e58c6284b2a19d1a/1611497264443-TAVK8DC7H7WLUS2TS7AX/Pointing+Hand+in+Reverse.png?format=1500w	static/images/Pointing-Hand-in-Reverse-6.png
https://images.squarespace-cdn.com/content/v1/599082a2e58c6284b2a19d1a/1601242378690-ZUOH2H1Y74TQDID2P1IO/George+Elgar+Hicks+-+Maud.jpg?format=1500w	static/images/George-Elgar-Hicks-Maud.jpg
https://images.squarespace-cdn.com/content/v1/599082a2e58c6284b2a19d1a/1601589759704-AC3C0272OELCCYV9AW6P/James+Jacques+Joseph+Tissot+-+Hide+and+Seek.jpg?format=1500w	static/images/James-Jacques-Joseph-Tissot-Hide-and-Seek.jpg
https://images.squarespace-cdn.com/content/v1/599082a2e58c6284b2a19d1a/1625436134025-4JZLO1550L6C3ZDWOH7L/Daniel+Maclise+-+Yes+or+No.jpg?format=1500w	static/images/Daniel-Maclise-Yes-or-No.jpg
https://images.squarespace-cdn.com/content/v1/599082a2e58c6284b2a19d1a/1625797842482-UWYHZ6FQVMIT0GKF8CC5/John+William+Godward%2C+Idle+Thoughts.jpg?format=1500w	static/images/John-William-Godward-Idle-Thoughts.jpg
https://images.squarespace-cdn.com/content/v1/599082a2e58c6284b2a19d1a/1626192915379-8UUHQHDA7X4L6I5VISPZ/Sir+Daniel+McNee+-+Portrait+of+an+Old+Lady+.jpg?format=1500w	static/images/Sir-Daniel-McNee-Portrait-of-an-Old-Lady-.jpg
https://images.squarespace-cdn.com/content/v1/599082a2e58c6284b2a19d1a/1624571594617-OL77YO762CPMCF9388X6/Charles+Burton+Barber%2C+Girl+with+Dogs.jpg?format=1500w	static/images/Charles-Burton-Barber-Girl-with-Dogs.jpg
https://images.squarespace-cdn.com/content/v1/599082a2e58c6284b2a19d1a/1626367254121-ZWCH34PFKBUQETA3ALM5/George+Vicat+Cole%2C+Leaves+are+but+the+Wings+on+which+the+Summer+Flies.jpeg?format=1500w	static/images/George-Vicat-Cole-Leaves-are-but-the-Wings-on-which-the-Summer-Flies.jpeg
https://images.squarespace-cdn.com/content/v1/599082a2e58c6284b2a19d1a/1630357627775-8VMHT6IK76ZKIYCYQDCC/Frederick+Augustus+Sandys%2C+Margaret+Oliphant.jpg?format=1500w	static/images/Frederick-Augustus-Sandys-Margaret-Oliphant.jpg
https://images.squarespace-cdn.com/content/v1/599082a2e58c6284b2a19d1a/1627007005409-MBDB7L93LE72OKG5T0KK/Sir+Edwin+Henry+Landseer+-+Man+Proposes%2C+God+Disposes+.jpg?format=1500w	static/images/Sir-Edwin-Henry-Landseer-Man-Proposes-God-Disposes-.jpg
https://images.squarespace-cdn.com/content/v1/599082a2e58c6284b2a19d1a/1624812419867-J7X19RWTRCM7ZBKI0L94/Oliver+Ingraham+Lay%2C+Fidelia+Bridges.jpg?format=1500w	static/images/Oliver-Ingraham-Lay-Fidelia-Bridges.jpg
https://images.squarespace-cdn.com/content/v1/599082a2e58c6284b2a19d1a/1625175181030-ZIYGD5TPF4T4X74X0J0A/John+William+Waterhouse+-+Lamia+and+the+Knight.jpg?format=1500w	static/images/John-William-Waterhouse-Lamia-and-the-Knight.jpg
https://images.squarespace-cdn.com/content/v1/599082a2e58c6284b2a19d1a/1632789345701-E5TGG4UBYB6U5G5QG36J/Pointing+Hand.png?format=1500w	static/images/Pointing-Hand-65.png
https://images.squarespace-cdn.com/content/v1/599082a2e58c6284b2a19d1a/1627761571978-9BS9C8VI89XFIVKWRHSD/James+Jacques+Joseph+Tissot+-+Reading+the+News.jpg?format=1500w	static/images/James-Jacques-Joseph-Tissot-Reading-the-News.jpg
https://images.squarespace-cdn.com/content/v1/599082a2e58c6284b2a19d1a/1635793158866-8YORFKWWSFF0ZLRHK77W/Pointing+Hand.png?format=1500w	static/images/Pointing-Hand-66.png
https://images.squarespace-cdn.com/content/v1/599082a2e58c6284b2a19d1a/1627760906045-ZRDQFFKZV28TMISWB3GA/Jerry+Barrett+-+The+Eve+of+the+Wedding.jpg?format=1500w	static/images/Jerry-Barrett-The-Eve-of-the-Wedding.jpg
https://images.squarespace-cdn.com/content/v1/599082a2e58c6284b2a19d1a/1626643146295-8UTUVNX2CLP4SAKJAWC1/John+William+Waterhouse+-+Juliet.jpg?format=1500w	static/images/John-William-Waterhouse-Juliet.jpg
https://images.squarespace-cdn.com/content/v1/599082a2e58c6284b2a19d1a/1630008492938-9W02BDWWASJWX66QMQTX/Paul+Sandby+Munn+Bedlam+Furnace%E2%80%94Madeley+Dale%2C+Shropshire.jpg?format=1500w	static/images/Paul-Sandby-Munn-Bedlam-FurnaceMadeley-Dale-Shropshire.jpg
https://images.squarespace-cdn.com/content/v1/599082a2e58c6284b2a19d1a/3ba7a08b-dd81-411f-8b14-5b9416388788/Pointing+Hand.png?format=1500w	static/images/Pointing-Hand-67.png
https://images.squarespace-cdn.com/content/v1/599082a2e58c6284b2a19d1a/1627845677123-V8GJSKLSA7XO10B8FFRO/John+Lavery+-+The+Family+of+Lord+Duveen+.jpg?format=1500w	static/images/John-Lavery-The-Family-of-Lord-Duveen-.jpg
https://images.squarespace-cdn.com/content/v1/599082a2e58c6284b2a19d1a/1630328944597-9LF9097N0C3VIIN2BWG9/Edward+John+Poynter+-+The+Ionian+Dance%3A++%22Motus+Doceri+Gaudet+Ionicos%2C+Matura+Virgo%2C+Et+Fingitur+Artibus%22.jpg?format=1500w	static/images/Edward-John-Poynter-The-Ionian-Dance-Motus-Doceri-Gaudet-Ionicos-Matura-Virgo-Et-Fingitur-Artibus.jpg
https://images.squarespace-cdn.com/content/v1/599082a2e58c6284b2a19d1a/1630256248846-QAAJ6BJ631OGJLJ2VCNR/Charles+James+Lewis+-+On+the+Thames+.jpg?format=1500w	static/images/Charles-James-Lewis-On-the-Thames-.jpg
https://images.squarespace-cdn.com/content/v1/599082a2e58c6284b2a19d1a/1627594516243-7QZ8R2LIF6X9E0EIQIEJ/Arthur+Hughes%2C+A+Music+Party.jpg?format=1500w	static/images/Arthur-Hughes-A-Music-Party.jpg
https://images.squarespace-cdn.com/content/v1/599082a2e58c6284b2a19d1a/236b49d3-6cc3-436c-a2aa-cc4188c399cd/Pointing+Hand.png?format=1500w	static/images/Pointing-Hand-68.png
https://images.squarespace-cdn.com/content/v1/599082a2e58c6284b2a19d1a/1627249730454-1AI73HK6SP9HV4MKP04M/Hubert+von+Herkomer+-+A+Young+Girl+and+Her+Dog.jpg?format=1500w	static/images/Hubert-von-Herkomer-A-Young-Girl-and-Her-Dog.jpg
https://images.squarespace-cdn.com/content/v1/599082a2e58c6284b2a19d1a/1630330371432-86EGKLG54OIOMA7GM40B/Henry+Woods+-+Young+Couple+Dancing+With+Castanets.jpg?format=1500w	static/images/Henry-Woods-Young-Couple-Dancing-With-Castanets.jpg
https://images.squarespace-cdn.com/content/v1/599082a2e58c6284b2a19d1a/1630619865203-W2EY3RJX79W31VSCKAEF/Thomas+Webster+-+A+Dame%27s+School.jpg?format=1500w	static/images/Thomas-Webster-A-Dames-School.jpg
https://images.squarespace-cdn.com/content/v1/599082a2e58c6284b2a19d1a/1630876144784-JWZU17KDZ7TEJVU5QRLA/Richard+Redgrave+-+Bolton+Abbey%2C+Morning.jpg?format=1500w	static/images/Richard-Redgrave-Bolton-Abbey-Morning.jpg
https://images.squarespace-cdn.com/content/v1/599082a2e58c6284b2a19d1a/1631191530338-SIW6GKZZIYB58MGFXZ9X/John+Everett+Millais+-+Yes.jpg?format=1500w	static/images/John-Everett-Millais-Yes.jpg
https://images.squarespace-cdn.com/content/v1/599082a2e58c6284b2a19d1a/1631484599894-9EVCVOHZ5CNEH626GJAR/Captain+Frederick+William+John+Shore%2C+The+First+Glimpse+of+the+Vale+of+Kashmir+from+the+Tonga+road+at+Baramulla.jpg?format=1500w	static/images/Captain-Frederick-William-John-Shore-The-First-Glimpse-of-the-Vale-of-Kashmir-from-the-Tonga-road-at-Baramulla.jpg
https://images.squarespace-cdn.com/content/v1/599082a2e58c6284b2a19d1a/1631798457602-Y94C6NU9B9BSF1H7F2TJ/John+Callcott+Horsley%2C+Christmas+Card+.jpg?format=1500w	static/images/John-Callcott-Horsley-Christmas-Card-.jpg
https://images.squarespace-cdn.com/content/v1/599082a2e58c6284b2a19d1a/1632088123933-7RS7T9G5RZV868LBI77M/George+Frederick+Watts+-++Rachel+Gurney+.jpg?format=1500w	static/images/George-Frederick-Watts-Rachel-Gurney-.jpg
https://images.squarespace-cdn.com/content/v1/599082a2e58c6284b2a19d1a/0c4237eb-5d49-4ea0-8a76-e591f443874f/George+Lance-+Still+Life+with+Fruits+and+Parrott.jpeg?format=1500w	static/images/George-Lance-Still-Life-with-Fruits-and-Parrott.jpeg
https://images.squarespace-cdn.com/content/v1/599082a2e58c6284b2a19d1a/1604591963121-01O90WYI9K4KIJEFPM1U/William+Etty+-+The+Three+Graces.jpeg?format=1500w	static/images/William-Etty-The-Three-Graces.jpeg
https://images.squarespace-cdn.com/content/v1/599082a2e58c6284b2a19d1a/1612477337023-3Q47C5BQG9T3DV1KU5ME/Pointing+Hand.png?format=1500w	static/images/Pointing-Hand-69.png
https://images.squarespace-cdn.com/content/v1/599082a2e58c6284b2a19d1a/1604887587428-HSBBCWVTXKVEOW3UBUKF/Charles+James+Lewis+-+On+the+Thames+.jpg?format=1500w	static/images/Charles-James-Lewis-On-the-Thames--2.jpg
https://images.squarespace-cdn.com/content/v1/599082a2e58c6284b2a19d1a/1603658686255-39P5YE8E5NL05DX91O1G/George+William+Joy+-+The+Baywater+Omnibus.jpg?format=1500w	static/images/George-William-Joy-The-Baywater-Omnibus.jpg
https://images.squarespace-cdn.com/content/v1/599082a2e58c6284b2a19d1a/1605221123058-V9PKEHKST46ZHIEH1A93/John+William+Waterhouse+-+Circe.jpg?format=1500w	static/images/John-William-Waterhouse-Circe.jpg
https://images.squarespace-cdn.com/content/v1/599082a2e58c6284b2a19d1a/1605482113532-VVGASSWOLY0MSWSSQ5IK/Margaret+Sarah+Carpenter+-+Lady+Harriet+Hamilton+.jpg?format=1500w	static/images/Margaret-Sarah-Carpenter-Lady-Harriet-Hamilton-.jpg
https://images.squarespace-cdn.com/content/v1/599082a2e58c6284b2a19d1a/1606065008183-URP35KLROJL2OL5UY04V/Paul+Cornoyer%2C+A+Rainy+Day+in+New+York.png?format=1500w	static/images/Paul-Cornoyer-A-Rainy-Day-in-New-York.png
https://images.squarespace-cdn.com/content/v1/599082a2e58c6284b2a19d1a/1603984674373-XH6NGXAFGANLA4ENI8WM/Margaret+Sarah+Carpenter+-+Mrs+John+Marshall%2C+MP+.jpg?format=1500w	static/images/Margaret-Sarah-Carpenter-Mrs-John-Marshall-MP-.jpg
https://images.squarespace-cdn.com/content/v1/599082a2e58c6284b2a19d1a/1604269444195-GZXYYBSOYFQ6VSQEGN67/James+Jacques+Joseph+Tissot+-+Visitors+to+London.jpg?format=1500w	static/images/James-Jacques-Joseph-Tissot-Visitors-to-London.jpg
https://images.squarespace-cdn.com/content/v1/599082a2e58c6284b2a19d1a/1607037983622-PU466DNR0R8U2VK9PDVN/Arthur+Hughes+-+A+Music+Party.jpg?format=1500w	static/images/Arthur-Hughes-A-Music-Party-2.jpg
https://images.squarespace-cdn.com/content/v1/599082a2e58c6284b2a19d1a/1607307410994-O0QSAKBOEK93BKESGV9M/Edwin+Longsden+Long+-+The+Cousins+.jpg?format=1500w	static/images/Edwin-Longsden-Long-The-Cousins-.jpg
https://images.squarespace-cdn.com/content/v1/599082a2e58c6284b2a19d1a/1606064492371-DNSP2HZVSFXLXKOFQVZE/Richard+Buckner%2C+Emily+Lady+Isham.jpg?format=1500w	static/images/Richard-Buckner-Emily-Lady-Isham-2.jpg
https://images.squarespace-cdn.com/content/v1/599082a2e58c6284b2a19d1a/1616246474228-YZ7FB7T9Q2AKYQD25XYT/William+Shayer+Senior+-+A+Halt+at+the+Inn.jpg?format=1500w	static/images/William-Shayer-Senior-A-Halt-at-the-Inn.jpg
https://images.squarespace-cdn.com/content/v1/599082a2e58c6284b2a19d1a/1607898028393-ERROTE53PSLTEFE0CLON/Richard+Westall+-+Lady+Hamilton+%28as+St+Cecilia%29.jpg?format=1500w	static/images/Richard-Westall-Lady-Hamilton-as-St-Cecilia.jpg
https://images.squarespace-cdn.com/content/v1/599082a2e58c6284b2a19d1a/1608245737766-SY7YUIF71VMQAAFJNM39/James+Jacques+Joseph+Tissot%2C+The+Ladies+of+the+Cars.jpg?format=1500w	static/images/James-Jacques-Joseph-Tissot-The-Ladies-of-the-Cars.jpg
https://images.squarespace-cdn.com/content/v1/599082a2e58c6284b2a19d1a/1608505460315-OIWFL1IAW9UVIEULX2K4/William+Holman+Hunt+-+The+Old+Church+at+Ewell.JPG?format=1500w	static/images/William-Holman-Hunt-The-Old-Church-at-Ewell.JPG
https://images.squarespace-cdn.com/content/v1/599082a2e58c6284b2a19d1a/1606405831715-67TCTGBSR9UY42K204NV/Thomas+Sidney+Cooper+-+Fording+a+Brook%2C+Suburbs+of+Canterbury.jpg?format=1500w	static/images/Thomas-Sidney-Cooper-Fording-a-Brook-Suburbs-of-Canterbury.jpg
https://images.squarespace-cdn.com/content/v1/599082a2e58c6284b2a19d1a/1606689602669-RHD5VYOJPTLJEUD80A6J/Frederick+Edward+Joseph+Goff+-+Westminster+and+Westminster+Bridge+from+the+River.jpg?format=1500w	static/images/Frederick-Edward-Joseph-Goff-Westminster-and-Westminster-Bridge-from-the-River.jpg
https://images.squarespace-cdn.com/content/v1/599082a2e58c6284b2a19d1a/1609427207244-F2UY89DW8SSNL61TNXMG/Thomas+Benjamin+Kennington+-+Serena%2C+Found+of+Savages.jpg?format=1500w	static/images/Thomas-Benjamin-Kennington-Serena-Found-of-Savages.jpg
https://images.squarespace-cdn.com/content/v1/599082a2e58c6284b2a19d1a/1617763441238-P7CMNBW5DP2T2JIMOG3O/Pointing+Hand.png?format=1500w	static/images/Pointing-Hand-70.png
https://images.squarespace-cdn.com/content/v1/599082a2e58c6284b2a19d1a/1609730022502-D7AFHOM76I5IC1K6VB06/Lord+Frederic+Leighton+-+Girl+in+Green.jpg?format=1500w	static/images/Lord-Frederic-Leighton-Girl-in-Green.jpg
https://images.squarespace-cdn.com/content/v1/599082a2e58c6284b2a19d1a/1610054412683-DY62FQ5IZAFA3FW6OLNS/George+Frederick+Watts+-+Echo+.jpg?format=1500w	static/images/George-Frederick-Watts-Echo-.jpg
https://images.squarespace-cdn.com/content/v1/599082a2e58c6284b2a19d1a/1610334763323-XDWKW1IVXXZ2WRF8L36W/Sophie+Anderson+-+Portrait+Of+Young+Girl.jpg?format=1500w	static/images/Sophie-Anderson-Portrait-Of-Young-Girl.jpg
https://images.squarespace-cdn.com/content/v1/599082a2e58c6284b2a19d1a/1610678038984-GWY3H2JD8TGQEFGVJ8OE/George+Caleb+Bingham%2C+Landscape+with+Fisherman.jpg?format=1500w	static/images/George-Caleb-Bingham-Landscape-with-Fisherman.jpg
https://images.squarespace-cdn.com/content/v1/599082a2e58c6284b2a19d1a/1618243830513-1HDK7M0VV6GGWLS5EC9N/Pointing+Hand.png?format=1500w	static/images/Pointing-Hand-71.png
https://images.squarespace-cdn.com/content/v1/599082a2e58c6284b2a19d1a/1610920832706-RJND3EDTWMN4IC9CXVD2/Benjamin+Leader+-+Parting+Day.jpg?format=1500w	static/images/Benjamin-Leader-Parting-Day.jpg
https://images.squarespace-cdn.com/content/v1/599082a2e58c6284b2a19d1a/1608828134138-T8FNV4R2ZG3GL8JXQX6T/Atkinson+Grimshaw+-+Reflections+on+the+Thames%2C+Westminster.jpg?format=1500w	static/images/Atkinson-Grimshaw-Reflections-on-the-Thames-Westminster.jpg
https://images.squarespace-cdn.com/content/v1/599082a2e58c6284b2a19d1a/1617329379411-3UAQVMZVOQUFN9YVA0AE/Pointing+Hand.png?format=1500w	static/images/Pointing-Hand-72.png
https://images.squarespace-cdn.com/content/v1/599082a2e58c6284b2a19d1a/1609121714919-0ULOM1XU63JKORBL9552/George+Goodwin+Kilburne%2C+Penning+A+Letter.jpg?format=1500w	static/images/George-Goodwin-Kilburne-Penning-A-Letter.jpg
https://images.squarespace-cdn.com/content/v1/599082a2e58c6284b2a19d1a/1611271339500-GUJL1PEYUR9AOHKIO9AJ/James+Jacques+Joseph+Tissot%2C+Young+Ladies+Looking+at+Japanese+Objects.jpg?format=1500w	static/images/James-Jacques-Joseph-Tissot-Young-Ladies-Looking-at-Japanese-Objects.jpg
https://images.squarespace-cdn.com/content/v1/599082a2e58c6284b2a19d1a/1618777520543-I1MMJY46ECEIZYTUF1PO/Pointing+Hand.png?format=1500w	static/images/Pointing-Hand-73.png
https://images.squarespace-cdn.com/content/v1/599082a2e58c6284b2a19d1a/1612148101517-3KCH8LY4AZJ70GC70WXQ/Charles+Dana+Gibson%2C+Cosmopolitan+Magazine+Cover+November%2C+1910.jpg?format=1500w	static/images/Charles-Dana-Gibson-Cosmopolitan-Magazine-Cover-November-1910.jpg
https://images.squarespace-cdn.com/content/v1/599082a2e58c6284b2a19d1a/1620769249800-D941GWL1SL4Q3M1CAMMZ/Pointing+Hand.png?format=1500w	static/images/Pointing-Hand-74.png
https://images.squarespace-cdn.com/content/v1/599082a2e58c6284b2a19d1a/1612475801584-OVL3ZCUK2YYL8G3ELLIZ/Charles+Robert+Leslie+-+Children+Playing+at+Coach+and+Horses.jpg?format=1500w	static/images/Charles-Robert-Leslie-Children-Playing-at-Coach-and-Horses.jpg
https://images.squarespace-cdn.com/content/v1/599082a2e58c6284b2a19d1a/1612666973717-EVXD0GE1JSNFUFUTGEKK/Sydney+Prior+Hall%2C+The+Maharani+of+Cooch+Behar.jpg?format=1500w	static/images/Sydney-Prior-Hall-The-Maharani-of-Cooch-Behar.jpg
https://images.squarespace-cdn.com/content/v1/599082a2e58c6284b2a19d1a/1613054044038-RAWGUQZI4P9G4LVHM3F7/Henry+Stacey+Marks+-+Where+Is+It.jpg?format=1500w	static/images/Henry-Stacey-Marks-Where-Is-It.jpg
https://images.squarespace-cdn.com/content/v1/599082a2e58c6284b2a19d1a/1613359107312-CFSX2BGR5WUXPUBYOZUX/Abraham+Solomon+-+The+Bride.jpg?format=1500w	static/images/Abraham-Solomon-The-Bride.jpg
https://images.squarespace-cdn.com/content/v1/599082a2e58c6284b2a19d1a/c6d481a8-a7cd-4653-918f-67e1be06ccba/Walter+Crane+-+Diana+and+Endymion.jpg?format=1500w	static/images/Walter-Crane-Diana-and-Endymion-2.jpg
https://images.squarespace-cdn.com/content/v1/599082a2e58c6284b2a19d1a/1611545040788-YHN01V6B0ERUSIS3AEM6/Edmund+George+Warren+-+Lost+in+the+Woods.jpg?format=1500w	static/images/Edmund-George-Warren-Lost-in-the-Woods.jpg
https://images.squarespace-cdn.com/content/v1/599082a2e58c6284b2a19d1a/1611867272434-GQBGANN7W3U17B0BKTAZ/Dante+Gabriel+Rossetti%2C+The+Beautiful+Hand.jpg?format=1500w	static/images/Dante-Gabriel-Rossetti-The-Beautiful-Hand.jpg
https://images.squarespace-cdn.com/content/v1/599082a2e58c6284b2a19d1a/1613929014469-2EBZFJEMY5JTLLEYZVOV/Sir+William+Blake+Richmond+-+The+Sisters.jpg?format=1500w	static/images/Sir-William-Blake-Richmond-The-Sisters.jpg
https://images.squarespace-cdn.com/content/v1/599082a2e58c6284b2a19d1a/1615501517253-CDWPIWXXZ5Z7JOKCI6OR/Augustus+Leopold+Egg+-+The+Life+of+Buckingham.jpg?format=1500w	static/images/Augustus-Leopold-Egg-The-Life-of-Buckingham.jpg
https://images.squarespace-cdn.com/content/v1/599082a2e58c6284b2a19d1a/1615145537709-9JSKFQ134O6EQD0J26VX/Sir+Francis+Grant+-+Mrs+Margaret+Hick+.jpg?format=1500w	static/images/Sir-Francis-Grant-Mrs-Margaret-Hick-.jpg
https://images.squarespace-cdn.com/content/v1/599082a2e58c6284b2a19d1a/1615502115923-O7N2NMLP97CV1AWGQ3ZQ/Stanhope+Alexander+Forbes+-+The+Munition+Girls.jpg?format=1500w	static/images/Stanhope-Alexander-Forbes-The-Munition-Girls.jpg
https://images.squarespace-cdn.com/content/v1/599082a2e58c6284b2a19d1a/1615742650969-VXA9DMBOZH77FCN58GXW/James+Sant+-+Lady+Frances+Bushby.jpg?format=1500w	static/images/James-Sant-Lady-Frances-Bushby.jpg
https://images.squarespace-cdn.com/content/v1/599082a2e58c6284b2a19d1a/1616086285500-U1NX0XYNW83YKBBNY9QA/Atkinson+Grimshaw+-+The+Haunt+of+the+Heron.jpg?format=1500w	static/images/Atkinson-Grimshaw-The-Haunt-of-the-Heron.jpg
https://images.squarespace-cdn.com/content/v1/599082a2e58c6284b2a19d1a/1624486484171-VV0L64N8QCGY6PBVJX62/Pointing+Hand.png?format=1500w	static/images/Pointing-Hand-75.png
https://images.squarespace-cdn.com/content/v1/599082a2e58c6284b2a19d1a/1616360257686-M6J4TGFA8GFS4PWX8UUQ/Frederick+Daniel+Hardy+-++The+Necklace+.jpg?format=1500w	static/images/Frederick-Daniel-Hardy-The-Necklace-.jpg
https://images.squarespace-cdn.com/content/v1/599082a2e58c6284b2a19d1a/1614292537921-01Y0ZT6V2G4TXVGN3G16/George+Frederick+Watts+-++The+Open+Door+.jpg?format=1500w	static/images/George-Frederick-Watts-The-Open-Door-.jpg
https://images.squarespace-cdn.com/content/v1/599082a2e58c6284b2a19d1a/1614567902865-FGNZLFFT0N0Q4QCNUD5Z/George+Frederick+Watts+-+Lady+Lilford+.jpg?format=1500w	static/images/George-Frederick-Watts-Lady-Lilford-.jpg
https://images.squarespace-cdn.com/content/v1/599082a2e58c6284b2a19d1a/1617292710819-NV0MB0W674F1UNFMG7JQ/Atkinson+Grimshaw+-+Hampstead.jpg?format=1500w	static/images/Atkinson-Grimshaw-Hampstead.jpg
https://images.squarespace-cdn.com/content/v1/599082a2e58c6284b2a19d1a/1617572121310-J0O6GHU6SP9KSQOSDL4R/Frederick+Daniel+Hardy%2C+Two+children+studying+with+a+globe+and+piano.Jpeg?format=1500w	static/images/Frederick-Daniel-Hardy-Two-children-studying-with-a-globe-and-piano.Jpeg
https://images.squarespace-cdn.com/content/v1/599082a2e58c6284b2a19d1a/1617900184174-FIG3OY69MLHBO9J6LD7I/Atkinson+Grimshaw+-+Whitby+Harbor+by+Moonlight.jpg?format=1500w	static/images/Atkinson-Grimshaw-Whitby-Harbor-by-Moonlight.jpg
https://images.squarespace-cdn.com/content/v1/599082a2e58c6284b2a19d1a/1626299527807-GMMVUN715YZ71ZFAUNV4/Pointing+Hand.png?format=1500w	static/images/Pointing-Hand-76.png
https://images.squarespace-cdn.com/content/v1/599082a2e58c6284b2a19d1a/1618177811807-JQY9VBG26DSQBIYXJ8AF/John+William+Waterhouse+-+Gossip.jpg?format=1500w	static/images/John-William-Waterhouse-Gossip.jpg
https://images.squarespace-cdn.com/content/v1/599082a2e58c6284b2a19d1a/1618522636403-GYQVXXU73EVUFQNX13PW/James+Holland+-+Interior%2C+Milan+Cathedral.jpg?format=1500w	static/images/James-Holland-Interior-Milan-Cathedral.jpg
https://images.squarespace-cdn.com/content/v1/599082a2e58c6284b2a19d1a/1618777649894-41SJT8WSUS2JCG2SGBFK/Paul+Maitland%2C+The+Flower+Walk%2C+Kensington+Gardens.jpg?format=1500w	static/images/Paul-Maitland-The-Flower-Walk-Kensington-Gardens.jpg
https://images.squarespace-cdn.com/content/v1/599082a2e58c6284b2a19d1a/1616689642816-MX65N4TAKYPVEPM5Y0I8/Atkinson+Grimshaw+-+Evening%2C+Knostrop+Old+Hall.jpg?format=1500w	static/images/Atkinson-Grimshaw-Evening-Knostrop-Old-Hall.jpg
https://images.squarespace-cdn.com/content/v1/599082a2e58c6284b2a19d1a/1627140554734-Z7W4W0S1EY7VGWES534O/Henry+Herbert+La+Thangue+-+Off+to+Work.jpg?format=1500w	static/images/Henry-Herbert-La-Thangue-Off-to-Work.jpg
https://images.squarespace-cdn.com/content/v1/599082a2e58c6284b2a19d1a/1616962341762-E9YNQX89DLAWOLRUYZIG/Frederick+Daniel+Hardy+-++The+Misdeal+.jpg?format=1500w	static/images/Frederick-Daniel-Hardy-The-Misdeal-.jpg
https://images.squarespace-cdn.com/content/v1/599082a2e58c6284b2a19d1a/1620011253104-4IYOXCL82U2A2L5PD6VW/John+Lavery+-+Hazel+in+Black+and+Gold+.jpg?format=1500w	static/images/John-Lavery-Hazel-in-Black-and-Gold-.jpg
https://images.squarespace-cdn.com/content/v1/599082a2e58c6284b2a19d1a/1628345391917-AFRJ0BW8U183BON7EORT/Robert+C.+Hinckley%2C+The+First+Operation+with+Ether.jpg?format=1500w	static/images/Robert-C.-Hinckley-The-First-Operation-with-Ether.jpg
https://images.squarespace-cdn.com/content/v1/599082a2e58c6284b2a19d1a/1628376731653-S3HT8FUYYIPOS7AD9EY2/Pointing+Hand.png?format=1500w	static/images/Pointing-Hand-77.png
https://images.squarespace-cdn.com/content/v1/599082a2e58c6284b2a19d1a/1620612841887-PQ9CTWU8RBNSOJ07IQ44/Atkinson+Grimshaw+-+Roundhay+Lake.jpg?format=1500w	static/images/Atkinson-Grimshaw-Roundhay-Lake.jpg
https://images.squarespace-cdn.com/content/v1/599082a2e58c6284b2a19d1a/1620942083421-X77EE1HEDFOHGZ6EQ6CF/Thomas+Faed+-+Faults+on+Both+Sides.jpg?format=1500w	static/images/Thomas-Faed-Faults-on-Both-Sides.jpg
https://images.squarespace-cdn.com/content/v1/599082a2e58c6284b2a19d1a/1627694295711-8J7MIXWF6U73NWNCDIJ0/Pointing+Hand.png?format=1500w	static/images/Pointing-Hand-78.png
https://images.squarespace-cdn.com/content/v1/599082a2e58c6284b2a19d1a/1621112839099-NSTB2785W7UUBBWBOKAK/George+Henry+Boughton+-+The+Waning+Honeymoon.jpg?format=1500w	static/images/George-Henry-Boughton-The-Waning-Honeymoon.jpg
https://images.squarespace-cdn.com/content/v1/599082a2e58c6284b2a19d1a/1621117414489-YV9A12E0XT8IT0P255S6/John+William+Waterhouse-I+am+half-sick+of+shadows%2C+said+the+lady+of+Shalott.jpeg?format=1500w	static/images/John-William-Waterhouse-I-am-half-sick-of-shadows-said-the-lady-of-Shalott.jpeg
https://images.squarespace-cdn.com/content/v1/599082a2e58c6284b2a19d1a/1629893008691-5LRSBFIULXM4OWOHR9F1/Pointing+Hand.png?format=1500w	static/images/Pointing-Hand-79.png
https://images.squarespace-cdn.com/content/v1/599082a2e58c6284b2a19d1a/1619379107525-OKTYIO6Y97NO4J8T0H62/Charles+Burton+Barber+-+An+elegantly+dressed+horsewoman+jumping+over+a+gate.jpg?format=1500w	static/images/Charles-Burton-Barber-An-elegantly-dressed-horsewoman-jumping-over-a-gate.jpg
https://images.squarespace-cdn.com/content/v1/599082a2e58c6284b2a19d1a/1621208068300-NGY4IZKYH44UVM2Y4JBV/Richard+Buckner+-+Bust+Study+of+an+Unknown+Young+Girl+.jpg?format=1500w	static/images/Richard-Buckner-Bust-Study-of-an-Unknown-Young-Girl-.jpg
https://images.squarespace-cdn.com/content/v1/599082a2e58c6284b2a19d1a/1619726091783-EIKAYQ04RDUWN43C5PGT/John+William+Godward+-+Dolce+far+niente.jpg?format=1500w	static/images/John-William-Godward-Dolce-far-niente.jpg
https://images.squarespace-cdn.com/content/v1/599082a2e58c6284b2a19d1a/1621218363005-35S1SY9JQB8XFHGFGFXP/George+Willoughby+Maynard+-+In+Strange+Seas.jpg?format=1500w	static/images/George-Willoughby-Maynard-In-Strange-Seas.jpg
https://images.squarespace-cdn.com/content/v1/599082a2e58c6284b2a19d1a/1623021887381-V1YMVY1QBFLIAF8O8RVY/Henry+John+Yeend+King+-+Victorian+Garden.jpg?format=1500w	static/images/Henry-John-Yeend-King-Victorian-Garden.jpg
https://images.squarespace-cdn.com/content/v1/599082a2e58c6284b2a19d1a/1623535789296-AC6J70V5B3GVLQD10912/Henry+Ryland+-+Two+Classical+Figures+Reclining.jpg?format=1500w	static/images/Henry-Ryland-Two-Classical-Figures-Reclining.jpg
https://images.squarespace-cdn.com/content/v1/599082a2e58c6284b2a19d1a/1623599610193-9PYWF8JIHUDH418YTEN4/George+Paul+Chalmers+-+Girl+in+a+Boat+.jpg?format=1500w	static/images/George-Paul-Chalmers-Girl-in-a-Boat-.jpg
https://images.squarespace-cdn.com/content/v1/599082a2e58c6284b2a19d1a/1623944435649-3QZQRYBZZC4Q6M7D7BJL/Atkinson+Grimshaw+-+Scarborough+Beach.jpg?format=1500w	static/images/Atkinson-Grimshaw-Scarborough-Beach-2.jpg
https://images.squarespace-cdn.com/content/v1/599082a2e58c6284b2a19d1a/1631758861603-B4WUOFK5MWTFVADBL6S4/Pointing+Hand.png?format=1500w	static/images/Pointing-Hand-80.png
https://images.squarespace-cdn.com/content/v1/599082a2e58c6284b2a19d1a/1624227448764-E0V7TL6LYSNU5NG8DKBX/William+Dyce%2C+Omnia+Vanitas.jpg?format=1500w	static/images/William-Dyce-Omnia-Vanitas.jpg
https://images.squarespace-cdn.com/content/v1/599082a2e58c6284b2a19d1a/1621214981109-VWZ05ZP08KITL4489RYS/Sir+Lawrence+Alma-Tadema+-+Lesbia+Weeping+over+a+Sparrow.jpg?format=1500w	static/images/Sir-Lawrence-Alma-Tadema-Lesbia-Weeping-over-a-Sparrow.jpg
https://images.squarespace-cdn.com/content/v1/599082a2e58c6284b2a19d1a/1628707744828-YKVRYXNBIV0VTYHYBKN6/Pointing+Hand.png?format=1500w	static/images/Pointing-Hand-81.png
https://images.squarespace-cdn.com/content/v1/599082a2e58c6284b2a19d1a/1621217981910-NCG6C7NBY89WZIV5JKQI/David+Johnson%2C+Natural+Bridge%2C+Virginia.jpeg?format=1500w	static/images/David-Johnson-Natural-Bridge-Virginia.jpeg
https://images.squarespace-cdn.com/content/v1/599082a2e58c6284b2a19d1a/1632425540653-Q8LJHS8PFP10C6W48R1T/Valentine+Cameron+Prinsep+-+The+First+Awakening+of+Eve.jpg?format=1500w	static/images/Valentine-Cameron-Prinsep-The-First-Awakening-of-Eve.jpg
https://images.squarespace-cdn.com/content/v1/599082a2e58c6284b2a19d1a/1633899267911-N37FC1K9GKYJJG6NLFPL/Henry+Nelson+O%27Neil+-+Painting+con+Amore+.jpg?format=1500w	static/images/Henry-Nelson-ONeil-Painting-con-Amore--2.jpg
https://images.squarespace-cdn.com/content/v1/599082a2e58c6284b2a19d1a/1634334410190-ZUJHRUGNGK0KC8YSG8HT/Henry+Stacey+Marks+-+A+Select+Committee+.jpg?format=1500w	static/images/Henry-Stacey-Marks-A-Select-Committee-.jpg
https://images.squarespace-cdn.com/content/v1/599082a2e58c6284b2a19d1a/1634864079395-QWGY8Z3256KTQY4N3ZAR/James+Jacques+Joseph+Tissot+-+The+Ball.jpg?format=1500w	static/images/James-Jacques-Joseph-Tissot-The-Ball.jpg
https://images.squarespace-cdn.com/content/v1/599082a2e58c6284b2a19d1a/b2b66a45-057e-42a3-8952-6fbd79a52831/Edwin+Longsden+Long+-+An+Egyptian+Feast.jpg?format=1500w	static/images/Edwin-Longsden-Long-An-Egyptian-Feast.jpg
https://images.squarespace-cdn.com/content/v1/599082a2e58c6284b2a19d1a/9e86d1bc-1dd6-458c-b966-6880f28f72b8/Charles+Burton+Barber+-+An+elegantly+dressed+horsewoman+approaching+a+fence%2C+seen+from+behind.+.jpg?format=1500w	static/images/Charles-Burton-Barber-An-elegantly-dressed-horsewoman-approaching-a-fence-seen-from-behind.-.jpg
https://images.squarespace-cdn.com/content/v1/599082a2e58c6284b2a19d1a/cda20004-8258-4e89-a55d-298f933ca395/James+Jacques+Joseph+Tissot+-+The+Captain+and+the+Mate.jpg?format=1500w	static/images/James-Jacques-Joseph-Tissot-The-Captain-and-the-Mate.jpg
https://images.squarespace-cdn.com/content/v1/599082a2e58c6284b2a19d1a/1632691229964-OAGB7QVWX6GE7SKG6ZNK/John+Lavery+-+The+Lady+in+Black+%28Mrs+Trevor%29+.jpg?format=1500w	static/images/John-Lavery-The-Lady-in-Black-Mrs-Trevor-.jpg
https://images.squarespace-cdn.com/content/v1/599082a2e58c6284b2a19d1a/92cb03d9-9ca9-435f-a3b5-64165e714b65/Lord+Frederic+Leighton+-+Greek+Girls+Playing+at+Ball.jpg?format=1500w	static/images/Lord-Frederic-Leighton-Greek-Girls-Playing-at-Ball.jpg
https://images.squarespace-cdn.com/content/v1/599082a2e58c6284b2a19d1a/a46dcbb7-9d9c-4e4f-871e-6d5881e9d97a/Sir+Anthony+Van+Dyck%2C+Charles+I+and+Henrietta+Maria+with+their+two+eldest+children%2C+Prince+Charles+and+Princess+Mary.jpg?format=1500w	static/images/Sir-Anthony-Van-Dyck-Charles-I-and-Henrietta-Maria-with-their-two-eldest-children-Prince-Charles-and-Princess-Mary.jpg
https://images.squarespace-cdn.com/content/v1/599082a2e58c6284b2a19d1a/ea374285-2402-4d94-859d-a32c00ae4568/Rose+Barton+-+Old+Chelsea+Wall%2C+London.jpeg?format=1500w	static/images/Rose-Barton-Old-Chelsea-Wall-London.jpeg
https://images.squarespace-cdn.com/content/v1/599082a2e58c6284b2a19d1a/9f2f56e5-9d1e-436c-90b4-6962c20eaefc/John+William+Waterhouse+-+Nymphs+Finding+the+Head+of+Orpheus.jpeg?format=1500w	static/images/John-William-Waterhouse-Nymphs-Finding-the-Head-of-Orpheus.jpeg
https://images.squarespace-cdn.com/content/v1/599082a2e58c6284b2a19d1a/66d011ba-a766-4cd4-aaca-f3dd924b0399/William+Merritt+Chase-Portrait+of+Miss+Frances+V.+Earle.jpg?format=1500w	static/images/William-Merritt-Chase-Portrait-of-Miss-Frances-V.-Earle.jpg
https://images.squarespace-cdn.com/content/v1/599082a2e58c6284b2a19d1a/d1a911bc-2231-4238-8dbb-8501cc0f2df2/Frederick+Daniel+Hardy+-++An+Anxious+Time+.jpeg?format=1500w	static/images/Frederick-Daniel-Hardy-An-Anxious-Time-.jpeg
https://images.squarespace-cdn.com/content/v1/599082a2e58c6284b2a19d1a/f51d6fed-882d-4a38-820d-067d220ef9a1/George+Goodwin+Kilburne+-+A+Young+Woman+at+a+Piano.jpeg?format=1500w	static/images/George-Goodwin-Kilburne-A-Young-Woman-at-a-Piano.jpeg
https://images.squarespace-cdn.com/content/v1/599082a2e58c6284b2a19d1a/ae48688f-4177-4948-99f6-e8c1dd84ee08/William+Frederick+Yeames+-+A+Visit+to+the+Haunted+Chamber+.jpg?format=1500w	static/images/William-Frederick-Yeames-A-Visit-to-the-Haunted-Chamber-.jpg
https://images.squarespace-cdn.com/content/v1/599082a2e58c6284b2a19d1a/32430c95-81bd-4205-89a9-0b88837b9c51/William+Lionel+Wyllie%2C+Toil%2C+Glitter%2C+Grime+and+Wealth+on+a+Flowing+Tide.jpg?format=1500w	static/images/William-Lionel-Wyllie-Toil-Glitter-Grime-and-Wealth-on-a-Flowing-Tide.jpg
https://images.squarespace-cdn.com/content/v1/599082a2e58c6284b2a19d1a/3a3c27d1-aaa7-4885-8728-0e55e3c30377/Atkinson+Grimshaw+-+View+of+Heath+Street+by+Night.jpg?format=1500w	static/images/Atkinson-Grimshaw-View-of-Heath-Street-by-Night.jpg
https://images.squarespace-cdn.com/content/v1/599082a2e58c6284b2a19d1a/4bc223d3-c825-4448-a30d-f601403ce7b3/Ford+Madox+Brown+-+Work.jpeg?format=1500w	static/images/Ford-Madox-Brown-Work.jpeg
https://images.squarespace-cdn.com/content/v1/599082a2e58c6284b2a19d1a/55cc0e2b-ace3-4786-8e3f-0d739f0a6c81/Riches_Brickdale.jpg?format=1500w	static/images/Riches_Brickdale.jpg
https://images.squarespace-cdn.com/content/v1/599082a2e58c6284b2a19d1a/e3bbafe8-d314-4191-a28a-2c0a3b004913/Edmund+Blair+Leighton+-+Duty.jpeg?format=1500w	static/images/Edmund-Blair-Leighton-Duty.jpeg
https://images.squarespace-cdn.com/content/v1/599082a2e58c6284b2a19d1a/5b9b5118-082d-42fa-99bc-bf1ad7599479/James+Sant+-+Mary+Fothergill+and+her+children+Richard+and+Mary.jpeg?format=1500w	static/images/James-Sant-Mary-Fothergill-and-her-children-Richard-and-Mary.jpeg
https://images.squarespace-cdn.com/content/v1/599082a2e58c6284b2a19d1a/20b9e77e-a7d2-4684-b0d8-22cbc75fc174/William+Holman+Hunt+-+The+Awakening+Conscience.jpg?format=1500w	static/images/William-Holman-Hunt-The-Awakening-Conscience.jpg
https://images.squarespace-cdn.com/content/v1/599082a2e58c6284b2a19d1a/13a7908a-143d-48f6-bc3a-06ce9b8f0128/Helen+Allingham+-+At+the+Cottage+Door.jpeg?format=1500w	static/images/Helen-Allingham-At-the-Cottage-Door.jpeg
https://images.squarespace-cdn.com/content/v1/599082a2e58c6284b2a19d1a/dd10c758-c26c-4529-9d6d-0018a94455ab/Lord+Frederic+Leighton+-+Study+At+a+Reading+Desk.jpeg?format=1500w	static/images/Lord-Frederic-Leighton-Study-At-a-Reading-Desk.jpeg
https://images.squarespace-cdn.com/content/v1/599082a2e58c6284b2a19d1a/0a42d6ca-c021-4bf3-919f-9bbd9f637623/James+Jacques+Joseph+Tissot+-+The+Secret+Rendezvous.jpg?format=1500w	static/images/James-Jacques-Joseph-Tissot-The-Secret-Rendezvous.jpg
https://images.squarespace-cdn.com/content/v1/599082a2e58c6284b2a19d1a/ec38e040-9397-497d-8cba-bc188eaaabc0/Joseph+Mallord+William+Turner+-+The+Northampton+Election%2C+6+December+1830.jpeg?format=1500w	static/images/Joseph-Mallord-William-Turner-The-Northampton-Election-6-December-1830.jpeg
https://images.squarespace-cdn.com/content/v1/599082a2e58c6284b2a19d1a/2d577721-75cb-428a-8fd0-b961269e1739/Sir+William+Quiller+Orchardson%2C+A+Social+Eddy.jpg?format=1500w	static/images/Sir-William-Quiller-Orchardson-A-Social-Eddy.jpg
https://images.squarespace-cdn.com/content/v1/599082a2e58c6284b2a19d1a/414313c5-fe04-40df-b7ce-33233e314557/William+Henry+Knight+-+Hide+and+Seek.jpeg?format=1500w	static/images/William-Henry-Knight-Hide-and-Seek.jpeg
https://images.squarespace-cdn.com/content/v1/599082a2e58c6284b2a19d1a/55b08cd8-b153-49a4-8625-a4495b38d6a9/James+Jacques+Joseph+Tissot+-+Young+Ladies+Looking+at+Japanese+Objects.jpeg?format=1500w	static/images/James-Jacques-Joseph-Tissot-Young-Ladies-Looking-at-Japanese-Objects.jpeg
https://images.squarespace-cdn.com/content/v1/599082a2e58c6284b2a19d1a/6c6eb991-c783-4420-bb39-3f952ebd8b56/Jacob+Sturm%2C+Deutschlands+Flora+in+Abbildungen.jpg?format=1500w	static/images/Jacob-Sturm-Deutschlands-Flora-in-Abbildungen.jpg
https://images.squarespace-cdn.com/content/v1/599082a2e58c6284b2a19d1a/08802b63-8a73-4c0c-8af3-5fe6d26b138f/William+McTaggart+-+The+Ballad+.jpeg?format=1500w	static/images/William-McTaggart-The-Ballad-.jpeg
https://images.squarespace-cdn.com/content/v1/599082a2e58c6284b2a19d1a/0705eeda-395d-492e-b94a-65dad09967d8/Albert+Durer+Lucas+-+Oak%2C+Holly+and+Other+Trees+.jpeg?format=1500w	static/images/Albert-Durer-Lucas-Oak-Holly-and-Other-Trees-.jpeg
https://images.squarespace-cdn.com/content/v1/599082a2e58c6284b2a19d1a/194128e3-cfdf-4fc3-9b28-c0d3bac0e718/David+Roberts+-+Rome%2C+View+on+the+Tiber+Looking+Towards+Mounts+Palatine+and+Aventine.jpeg?format=1500w	static/images/David-Roberts-Rome-View-on-the-Tiber-Looking-Towards-Mounts-Palatine-and-Aventine.jpeg
https://images.squarespace-cdn.com/content/v1/599082a2e58c6284b2a19d1a/2f8d1f4b-66de-4181-b8cd-7ca4d5d67df4/Augustus+Leopold+Egg+-+A+Teasing+Riddle.jpg?format=1500w	static/images/Augustus-Leopold-Egg-A-Teasing-Riddle.jpg
https://images.squarespace-cdn.com/content/v1/599082a2e58c6284b2a19d1a/76b57a4c-f964-47fd-b790-53b8d3370e29/Frank+Cadogan+Cowper+-+Vanity.jpg?format=1500w	static/images/Frank-Cadogan-Cowper-Vanity.jpg
https://images.squarespace-cdn.com/content/v1/599082a2e58c6284b2a19d1a/b300a6b5-eafa-4c11-a322-9c1a621bb774/Thomas+Benjamin+Kennington+-+Temptation.jpg?format=1500w	static/images/Thomas-Benjamin-Kennington-Temptation.jpg
https://images.squarespace-cdn.com/content/v1/599082a2e58c6284b2a19d1a/7a96d039-5102-40bf-9d99-09ad07360465/Sir+William+Quiller+Orchardson+-+Lady+Robertson.jpg?format=1500w	static/images/Sir-William-Quiller-Orchardson-Lady-Robertson.jpg
https://images.squarespace-cdn.com/content/v1/599082a2e58c6284b2a19d1a/9ebdd767-d689-4886-b010-c0b646314851/Philip+Calderon%2C+Home+After+Victory.jpg?format=1500w	static/images/Philip-Calderon-Home-After-Victory.jpg
https://images.squarespace-cdn.com/content/v1/599082a2e58c6284b2a19d1a/4e4e9a78-9016-4763-ab7f-02fe4d4b7ef6/James+Jacques+Joseph+Tissot+-+Portrait+of+Miss+Lloyd.jpeg?format=1500w	static/images/James-Jacques-Joseph-Tissot-Portrait-of-Miss-Lloyd.jpeg
https://images.squarespace-cdn.com/content/v1/599082a2e58c6284b2a19d1a/252b4b17-39fe-4803-b9c8-b9770d37b5e0/James+Collinson+-+Organ+Grinder+with+Dog.jpeg?format=1500w	static/images/James-Collinson-Organ-Grinder-with-Dog.jpeg
https://images.squarespace-cdn.com/content/v1/599082a2e58c6284b2a19d1a/ad3c4e37-04d9-4e2e-9fd8-5d39997abc94/James+Jacques+Joseph+Tissot+-+Woman+in+an+Interior.jpeg?format=1500w	static/images/James-Jacques-Joseph-Tissot-Woman-in-an-Interior.jpeg
https://images.squarespace-cdn.com/content/v1/599082a2e58c6284b2a19d1a/006b3a94-6fdd-403d-9759-8d9f43dfc24d/Frederick+Walker+-+Old+Letters.jpeg?format=1500w	static/images/Frederick-Walker-Old-Letters.jpeg
https://images.squarespace-cdn.com/content/v1/599082a2e58c6284b2a19d1a/44bdb5c8-609f-4f2d-a86b-3438b434315b/Edward+John+Poynter+-+Cave+of+the+Storm+Nymphs.jpg?format=1500w	static/images/Edward-John-Poynter-Cave-of-the-Storm-Nymphs.jpg
https://images.squarespace-cdn.com/content/v1/599082a2e58c6284b2a19d1a/0e05b95a-719f-4a03-8d3a-7d8143645fe0/William+Etty%2C+Crochet+Worker.jpeg?format=1500w	static/images/William-Etty-Crochet-Worker.jpeg
https://images.squarespace-cdn.com/content/v1/599082a2e58c6284b2a19d1a/4f3db17c-6f43-4b27-b9ed-1dc3cb90d1e0/Thomas+Benjamin+Kennington%2C+Lady+Reading+By+A+Window.jpeg?format=1500w	static/images/Thomas-Benjamin-Kennington-Lady-Reading-By-A-Window.jpeg
https://images.squarespace-cdn.com/content/v1/599082a2e58c6284b2a19d1a/f2f43e40-a191-4507-b132-7d0eb6026110/Atkinson+Grimshaw+-+The+Last+Gleam.jpeg?format=1500w	static/images/Atkinson-Grimshaw-The-Last-Gleam.jpeg
https://images.squarespace-cdn.com/content/v1/599082a2e58c6284b2a19d1a/963ab9f7-96ba-4187-9560-a855075dea17/Hoffman+Arms+Apartments.jpg?format=1500w	static/images/Hoffman-Arms-Apartments.jpg
https://images.squarespace-cdn.com/content/v1/599082a2e58c6284b2a19d1a/584a784a-d308-451e-9aa5-3452a72de90b/Alfred+Elmore%2C+The+Origin+of+the+Combing+Machine.jpg?format=1500w	static/images/Alfred-Elmore-The-Origin-of-the-Combing-Machine.jpg
https://images.squarespace-cdn.com/content/v1/599082a2e58c6284b2a19d1a/1d3508c1-42fa-4b11-8645-673a3bb9c5cf/George+Frederick+Watts%2C+Eveleen+Tennant.jpg?format=1500w	static/images/George-Frederick-Watts-Eveleen-Tennant.jpg
https://images.squarespace-cdn.com/content/v1/599082a2e58c6284b2a19d1a/0a5ef318-03d6-4461-b202-ad3b90a5f1c1/Thomas+Creswick+-+The+Village+Smithy.jpeg?format=1500w	static/images/Thomas-Creswick-The-Village-Smithy.jpeg
https://images.squarespace-cdn.com/content/v1/599082a2e58c6284b2a19d1a/4092ffaf-5bda-4f9c-b374-f2d721880314/George+Dunlop+Leslie+-+Fortunes+.jpeg?format=1500w	static/images/George-Dunlop-Leslie-Fortunes-.jpeg
https://images.squarespace-cdn.com/content/v1/599082a2e58c6284b2a19d1a/735c2bd7-b704-408b-8b5c-1a278679c3d2/Jessica+Hayllar+-+House+Cleaning+.jpg?format=1500w	static/images/Jessica-Hayllar-House-Cleaning-.jpg
https://images.squarespace-cdn.com/content/v1/599082a2e58c6284b2a19d1a/e98fa105-f01f-40a2-a398-88863be0eceb/Louis+Comfort+Tiffany%2C+Village+of+Field%2C+BC.jpg?format=1500w	static/images/Louis-Comfort-Tiffany-Village-of-Field-BC.jpg
https://images.squarespace-cdn.com/content/v1/599082a2e58c6284b2a19d1a/d296095f-dd3a-4b50-ba57-432ecddbaca0/John+Everett+Millais+-+Sisters.jpeg?format=1500w	static/images/John-Everett-Millais-Sisters.jpeg
https://images.squarespace-cdn.com/content/v1/599082a2e58c6284b2a19d1a/f526bb2d-92a7-409c-93bc-8f7b8dc2f71d/George+Cole+-+At+the+End+of+the+Day.jpeg?format=1500w	static/images/George-Cole-At-the-End-of-the-Day.jpeg
https://images.squarespace-cdn.com/content/v1/599082a2e58c6284b2a19d1a/92c7828c-cafd-48f2-ad2a-3f31a49d0655/Charles+Edward+Perugini+-+The+Ramparts%2C+Walmer+Castle.jpeg?format=1500w	static/images/Charles-Edward-Perugini-The-Ramparts-Walmer-Castle.jpeg
https://images.squarespace-cdn.com/content/v1/599082a2e58c6284b2a19d1a/a778a5fd-3a36-4bb3-9773-d8ea62657221/William+Dyce%2C+The+Descent+of+Venus.jpeg?format=1500w	static/images/William-Dyce-The-Descent-of-Venus.jpeg
https://images.squarespace-cdn.com/content/v1/599082a2e58c6284b2a19d1a/d0c21ccc-41be-4e8d-8c00-cae03676abcc/James+Sant+-+Self-Portrait.jpg?format=1500w	static/images/James-Sant-Self-Portrait.jpg
https://images.squarespace-cdn.com/content/v1/599082a2e58c6284b2a19d1a/fd6b147c-72e6-4e03-9e51-8ba1876a45a9/Charles+West+Cope+-+Home+Dreams.jpg?format=1500w	static/images/Charles-West-Cope-Home-Dreams.jpg
https://images.squarespace-cdn.com/content/v1/599082a2e58c6284b2a19d1a/a61fc975-2b6d-4aa1-95d7-6c223e8de97f/John+Everett+Millais+-+Blow%2C+Blow+Thou+Winter+Wind.JPG?format=1500w	static/images/John-Everett-Millais-Blow-Blow-Thou-Winter-Wind.JPG
https://images.squarespace-cdn.com/content/v1/599082a2e58c6284b2a19d1a/4ac214a1-3ef7-4166-93c0-4e953c2133f0/George+Winter%2C+Nocturnal+Landscape.jpg?format=1500w	static/images/George-Winter-Nocturnal-Landscape.jpg
https://images.squarespace-cdn.com/content/v1/599082a2e58c6284b2a19d1a/1633033843149-REDC5NTEVJVV3277E4FB/William+Powell+Frith%2C+Ramsgate+Sands.jpg?format=1500w	static/images/William-Powell-Frith-Ramsgate-Sands.jpg
https://images.squarespace-cdn.com/content/v1/599082a2e58c6284b2a19d1a/a712e07d-80a4-4aba-b9ae-7b9912a48d31/William+Wyld%2C+Manchester+from+Kersal+Moor.jpg?format=1500w	static/images/William-Wyld-Manchester-from-Kersal-Moor.jpg
https://images.squarespace-cdn.com/content/v1/599082a2e58c6284b2a19d1a/70cb4b71-0dad-4304-a520-13f3a2d1ad09/Edwin+Henry+Landseer%2C+Flood+in+the+Highlands+.jpg?format=1500w	static/images/Edwin-Henry-Landseer-Flood-in-the-Highlands-.jpg
https://images.squarespace-cdn.com/content/v1/599082a2e58c6284b2a19d1a/84adf92e-aa22-42f7-8ddf-0cc4bb4b8e38/John+Everett+Millais+-+Hearts+are+Trumps.jpg?format=1500w	static/images/John-Everett-Millais-Hearts-are-Trumps.jpg
https://images.squarespace-cdn.com/content/v1/599082a2e58c6284b2a19d1a/a85e3cbb-6cf8-45eb-b6fb-0071a6b72a1f/Atkinson+Grimshaw%2C+Autumn+Afterglow.jpeg?format=1500w	static/images/Atkinson-Grimshaw-Autumn-Afterglow.jpeg
https://images.squarespace-cdn.com/content/v1/599082a2e58c6284b2a19d1a/23288b66-636c-4bab-ac21-625dc524b042/George+Bernard+O%27Neill+-+%27Cheer+up%21%27+.jpg?format=1500w	static/images/George-Bernard-ONeill-Cheer-up-.jpg
https://images.squarespace-cdn.com/content/v1/599082a2e58c6284b2a19d1a/33b3fdef-594d-4553-940b-208e9b2e6b82/Benjamin+Leader+-+Shere+Church.jpeg?format=1500w	static/images/Benjamin-Leader-Shere-Church.jpeg
https://images.squarespace-cdn.com/content/v1/599082a2e58c6284b2a19d1a/bf80490a-702e-4e3f-bfc4-82842ccf7352/Edmund+George+Warren%2C+Crossing+the+Brook.jpeg?format=1500w	static/images/Edmund-George-Warren-Crossing-the-Brook.jpeg
https://images.squarespace-cdn.com/content/v1/599082a2e58c6284b2a19d1a/2bf4f30a-30ae-4e23-b917-17a6829c9305/Cornelius+Vanderbilt+II+Mansion%2C+Fifth+Avenue.jpg?format=1500w	static/images/Cornelius-Vanderbilt-II-Mansion-Fifth-Avenue.jpg
https://images.squarespace-cdn.com/content/v1/599082a2e58c6284b2a19d1a/1b22274e-5d3b-4e26-9ee9-545354b084fc/James+Jaques+Tissot%2C+The+Woman+of+Fashion.jpeg?format=1500w	static/images/James-Jaques-Tissot-The-Woman-of-Fashion.jpeg
https://images.squarespace-cdn.com/content/v1/599082a2e58c6284b2a19d1a/fb770046-1885-4abc-9c06-9720ecaa487a/David+Bates+-+An+Oasis+in+the+Desert.jpg?format=1500w	static/images/David-Bates-An-Oasis-in-the-Desert.jpg
https://images.squarespace-cdn.com/content/v1/599082a2e58c6284b2a19d1a/901026c6-8649-44d1-8126-33e6a8e838e0/Thomas+Benjamin+Kennington+-+The+Toy+Shop.jpg?format=1500w	static/images/Thomas-Benjamin-Kennington-The-Toy-Shop.jpg
https://images.squarespace-cdn.com/content/v1/599082a2e58c6284b2a19d1a/28a9bf56-9e18-4c8e-bb31-4581e4deafe2/Charles+Sillem+Lidderdale+-+A+Country+Maid.jpg?format=1500w	static/images/Charles-Sillem-Lidderdale-A-Country-Maid.jpg
https://images.squarespace-cdn.com/content/v1/599082a2e58c6284b2a19d1a/cca05ac3-c8cd-41e8-b685-d36f6835eb9b/James+Charles%2C+The+Knifegrinder.jpeg?format=1500w	static/images/James-Charles-The-Knifegrinder.jpeg
https://images.squarespace-cdn.com/content/v1/599082a2e58c6284b2a19d1a/da6170db-ea68-4689-98ab-63d301f4e556/John+Melhuish+Strudwick+-+Oh+Swallow%2C+Swallow.jpeg?format=1500w	static/images/John-Melhuish-Strudwick-Oh-Swallow-Swallow.jpeg
https://images.squarespace-cdn.com/content/v1/599082a2e58c6284b2a19d1a/41cf6f3d-3798-4cdd-9446-7772f98ee706/Edwin+Longsden+Long%2C+The+Chosen+Five+.jpeg?format=1500w	static/images/Edwin-Longsden-Long-The-Chosen-Five-.jpeg
https://images.squarespace-cdn.com/content/v1/599082a2e58c6284b2a19d1a/d42c276b-3e80-4549-b83f-48b21c1e5b7a/Anna+Lea+Merritt+-+War.jpg?format=1500w	static/images/Anna-Lea-Merritt-War.jpg
https://images.squarespace-cdn.com/content/v1/599082a2e58c6284b2a19d1a/03dc7351-4d7a-4784-9da1-0a44fed5198d/John+Constable+-+The+Vale+of+Dedham%2C+Suffolk+.jpg?format=1500w	static/images/John-Constable-The-Vale-of-Dedham-Suffolk-.jpg
https://images.squarespace-cdn.com/content/v1/599082a2e58c6284b2a19d1a/2c17348d-0abe-41ab-98b9-f3282528ca3f/Edward+Robert+Hughes+-+Dream+Idyll+%28A+Valkyrie%29.jpeg?format=1500w	static/images/Edward-Robert-Hughes-Dream-Idyll-A-Valkyrie.jpeg
https://images.squarespace-cdn.com/content/v1/599082a2e58c6284b2a19d1a/4ce2477f-8abf-4803-be7e-67c6f1960ad1/Calvert+Lithographing+Co.%2C+Birds+Eye+View+of+the+City+of+Detroit%2C+c.1889.jpg?format=1500w	static/images/Calvert-Lithographing-Co.-Birds-Eye-View-of-the-City-of-Detroit-c.1889.jpg
https://images.squarespace-cdn.com/content/v1/599082a2e58c6284b2a19d1a/c12998ed-f2a2-4e52-80ee-4b979ed9ebcc/Henry+Ryland+-+At+the+Fountain.jpg?format=1500w	static/images/Henry-Ryland-At-the-Fountain.jpg
https://images.squarespace-cdn.com/content/v1/599082a2e58c6284b2a19d1a/0c179ccb-2f94-400e-8490-c1aad295bd0c/John+William+Godward%2C+The+Jewel+Casket.jpg?format=1500w	static/images/John-William-Godward-The-Jewel-Casket.jpg
https://images.squarespace-cdn.com/content/v1/599082a2e58c6284b2a19d1a/058b1cef-2b05-4283-a2c6-c8ed11a94d33/James+Arthur+O%27Connor-View+of+the+Shannon.jpg?format=1500w	static/images/James-Arthur-OConnor-View-of-the-Shannon.jpg
https://images.squarespace-cdn.com/content/v1/599082a2e58c6284b2a19d1a/d2b1db43-d2f8-473d-a660-3d5d6750aae7/John+Callcott+Horsley%2C+Critics+on+Costume%2C+Fashions+Change.jpg?format=1500w	static/images/John-Callcott-Horsley-Critics-on-Costume-Fashions-Change.jpg
https://images.squarespace-cdn.com/content/v1/599082a2e58c6284b2a19d1a/b86bad8c-dbdb-4512-b910-f9f8b225381b/James+Sant+-+The+Walker+Sisters+.jpeg?format=1500w	static/images/James-Sant-The-Walker-Sisters-.jpeg
https://images.squarespace-cdn.com/content/v1/599082a2e58c6284b2a19d1a/5ef41413-ba30-4d7a-b3b7-ed5f3fab308e/John+Lavery+-+The+Family+of+Lord+Duveen+.jpeg?format=1500w	static/images/John-Lavery-The-Family-of-Lord-Duveen-.jpeg
https://images.squarespace-cdn.com/content/v1/599082a2e58c6284b2a19d1a/50545362-1bc8-4a19-ba2a-ebe72262d542/Frederick+Daniel+Hardy+-+Sorrowful+News+.jpg?format=1500w	static/images/Frederick-Daniel-Hardy-Sorrowful-News-.jpg
https://images.squarespace-cdn.com/content/v1/599082a2e58c6284b2a19d1a/f1f20e3e-80f5-4a19-8087-45cb1e606183/Arthur+Hughes+-+The+Pained+Heart.jpg?format=1500w	static/images/Arthur-Hughes-The-Pained-Heart.jpg
https://images.squarespace-cdn.com/content/v1/599082a2e58c6284b2a19d1a/777190c9-f792-4b8b-ad74-b71f5b6a48cb/John+Ritche%2C+A+Border+Fair.jpg?format=1500w	static/images/John-Ritche-A-Border-Fair.jpg
https://images.squarespace-cdn.com/content/v1/599082a2e58c6284b2a19d1a/7c1e2c03-2f3a-4803-8b52-1b1ad1d9a08e/Philip+Wilson+Steer+-+Woman+Sewing+.jpeg?format=1500w	static/images/Philip-Wilson-Steer-Woman-Sewing-.jpeg
https://images.squarespace-cdn.com/content/v1/599082a2e58c6284b2a19d1a/2c104682-912e-4965-b1d2-7372389fae5c/Thomas+Sidney+Cooper+and+Thomas+Creswick%2C+Farmyard+Scene+in+Summer.jpeg?format=1500w	static/images/Thomas-Sidney-Cooper-and-Thomas-Creswick-Farmyard-Scene-in-Summer.jpeg
https://images.squarespace-cdn.com/content/v1/599082a2e58c6284b2a19d1a/5e4e4509-8794-4b65-b6eb-68b774435e1a/George+Vicat+Cole+-+Near+Borrowdale%2C+Cumberland.jpg?format=1500w	static/images/George-Vicat-Cole-Near-Borrowdale-Cumberland.jpg
https://images.squarespace-cdn.com/content/v1/599082a2e58c6284b2a19d1a/2cd2cec3-6a01-4903-8aaf-5fc76433d08b/Henry+Stacey+Marks+-+The+Odd+Volume+.jpeg?format=1500w	static/images/Henry-Stacey-Marks-The-Odd-Volume-.jpeg
https://images.squarespace-cdn.com/content/v1/599082a2e58c6284b2a19d1a/89a4aed1-42f0-487e-8a50-2bb03c77dfad/Atkinson+Grimshaw%2C+London%2C+St.+James%27+Street.jpeg?format=1500w	static/images/Atkinson-Grimshaw-London-St.-James-Street.jpeg
https://images.squarespace-cdn.com/content/v1/599082a2e58c6284b2a19d1a/8afe0170-b9dc-4dd6-87d3-21f3ace7d180/George+Hayter+-+The+Town+Clerk+of+Brecon+and+His+Family.jpeg?format=1500w	static/images/George-Hayter-The-Town-Clerk-of-Brecon-and-His-Family.jpeg
https://images.squarespace-cdn.com/content/v1/599082a2e58c6284b2a19d1a/5df8120c-32a8-4102-8730-278a77b4b5af/William+Simpson+-+One+of+the+wards+of+the+hospital+at+Scutari+1856.jpg?format=1500w	static/images/William-Simpson-One-of-the-wards-of-the-hospital-at-Scutari-1856.jpg
https://images.squarespace-cdn.com/content/v1/599082a2e58c6284b2a19d1a/acbdc13b-c9d5-41fd-93c1-5e90088f6f93/John+William+Godward%2C+The+Mirror.jpeg?format=1500w	static/images/John-William-Godward-The-Mirror.jpeg
https://images.squarespace-cdn.com/content/v1/599082a2e58c6284b2a19d1a/34a9555b-9ac7-4cc6-b69c-598aa8406215/Alfred+Elmore+-+On+the+Brink.jpg?format=1500w	static/images/Alfred-Elmore-On-the-Brink.jpg
https://images.squarespace-cdn.com/content/v1/599082a2e58c6284b2a19d1a/097cd21a-eaec-4e36-b907-2dc750644f04/James+Jacques+Joseph+Tissot+-+The+Parting+.jpeg?format=1500w	static/images/James-Jacques-Joseph-Tissot-The-Parting-.jpeg
https://images.squarespace-cdn.com/content/v1/599082a2e58c6284b2a19d1a/70f29294-9332-4c1a-8357-7b35cb106b7a/Margaret+Sarah+Carpenter+-+The+Sisters+.jpg?format=1500w	static/images/Margaret-Sarah-Carpenter-The-Sisters-.jpg
https://images.squarespace-cdn.com/content/v1/599082a2e58c6284b2a19d1a/12db7017-c241-4fcb-8fd7-3eed0189c54b/Carl+Axel+Magnus+Lindman%2C+Viola+Tricolor.jpg?format=1500w	static/images/Carl-Axel-Magnus-Lindman-Viola-Tricolor.jpg
https://images.squarespace-cdn.com/content/v1/599082a2e58c6284b2a19d1a/ab564607-b3fe-42a7-ab1b-ecb403f37ce9/John+Callcott+Horsley+-+The+Poet%27s+Theme.jpg?format=1500w	static/images/John-Callcott-Horsley-The-Poets-Theme.jpg
https://images.squarespace-cdn.com/content/v1/599082a2e58c6284b2a19d1a/d4019c44-afea-4273-9fb6-273830ef7077/Lord+Frederic+Leighton+-+The+Reconciliation+of+the+Montagues+and+Capulets+over+the+Bodies+of+Romeo+and+Juliet.jpeg?format=1500w	static/images/Lord-Frederic-Leighton-The-Reconciliation-of-the-Montagues-and-Capulets-over-the-Bodies-of-Romeo-and-Juliet.jpeg
https://images.squarespace-cdn.com/content/v1/599082a2e58c6284b2a19d1a/bd41ee22-b05d-4c28-afe1-03018d7a3d15/Sir+Francis+Grant+-+Lady+Susan+Hamilton.jpg?format=1500w	static/images/Sir-Francis-Grant-Lady-Susan-Hamilton.jpg
https://images.squarespace-cdn.com/content/v1/599082a2e58c6284b2a19d1a/97174d3d-eeac-4ff9-a18c-6b6426f7c778/James+Jacques+Joseph+Tissot+-+In+Church+.jpeg?format=1500w	static/images/James-Jacques-Joseph-Tissot-In-Church-.jpeg
https://images.squarespace-cdn.com/content/v1/599082a2e58c6284b2a19d1a/a10e3f4a-724c-4b29-86c1-2cfe3d75f37d/William+Maw+Egley+-+Music+Hath+Charms.jpeg?format=1500w	static/images/William-Maw-Egley-Music-Hath-Charms.jpeg
https://images.squarespace-cdn.com/content/v1/599082a2e58c6284b2a19d1a/fb7c426b-e45e-404d-9de6-18fb40aa3200/Richard+Redgrave+-+Startled+Foresters+1874.jpg?format=1500w	static/images/Richard-Redgrave-Startled-Foresters-1874.jpg
https://images.squarespace-cdn.com/content/v1/599082a2e58c6284b2a19d1a/6ba50091-d02f-4ed8-a8d6-8a28428024cb/James+Jacques+Joseph+Tissot+-+Boarding+the+Yacht.jpg?format=1500w	static/images/James-Jacques-Joseph-Tissot-Boarding-the-Yacht.jpg
https://images.squarespace-cdn.com/content/v1/599082a2e58c6284b2a19d1a/c4c02861-251d-4e15-8e5c-b5d5a063a68c/Frederick+Morgan+-+Me+Too%3F.jpeg?format=1500w	static/images/Frederick-Morgan-Me-Too.jpeg
https://images.squarespace-cdn.com/content/v1/599082a2e58c6284b2a19d1a/d5751849-164a-48c4-b861-521da4c90928/Louise+Rayner+-+Chester.jpg?format=1500w	static/images/Louise-Rayner-Chester.jpg
https://images.squarespace-cdn.com/content/v1/599082a2e58c6284b2a19d1a/b86cf786-a500-46d2-bec0-dc261196566b/William+Powell+Frith+-+A+Dream+of+the+Future+.jpg?format=1500w	static/images/William-Powell-Frith-A-Dream-of-the-Future-.jpg
https://images.squarespace-cdn.com/content/v1/599082a2e58c6284b2a19d1a/1ed6d3e8-125f-44b6-b138-46c4e9ecc66e/Edmund+Blair+Leighton+-+Courtship.jpg?format=1500w	static/images/Edmund-Blair-Leighton-Courtship.jpg
https://images.squarespace-cdn.com/content/v1/599082a2e58c6284b2a19d1a/7f8d624b-293c-42ea-887f-18f62efe551b/John+Everett+Millais+-+The+Farmer%27s+Daughter.jpg?format=1500w	static/images/John-Everett-Millais-The-Farmers-Daughter.jpg
https://images.squarespace-cdn.com/content/v1/599082a2e58c6284b2a19d1a/ea4fb5be-0459-46bb-ac8f-07faf30e0799/James+Collinson+-+The+Empty+Purse.jpg?format=1500w	static/images/James-Collinson-The-Empty-Purse.jpg
https://images.squarespace-cdn.com/content/v1/599082a2e58c6284b2a19d1a/c29ff71e-e76d-4049-bad2-02166e4fd013/James+Jacques+Joseph+Tissot+-+Quarreling.jpg?format=1500w	static/images/James-Jacques-Joseph-Tissot-Quarreling.jpg
https://images.squarespace-cdn.com/content/v1/599082a2e58c6284b2a19d1a/a8b0d1de-68c8-4d2d-bec1-acad4450fd3c/Charles+Robert+Leslie+-+The+Queen%27s+Private+Bedchamber%2C+Hampton+Court+Palace+.jpg?format=1500w	static/images/Charles-Robert-Leslie-The-Queens-Private-Bedchamber-Hampton-Court-Palace-.jpg
https://images.squarespace-cdn.com/content/v1/599082a2e58c6284b2a19d1a/00764ebc-ac7f-40e9-9ead-0b5095b83f75/John+Callcott+Horsley+-+The+Waiting+Maid.jpeg?format=1500w	static/images/John-Callcott-Horsley-The-Waiting-Maid.jpeg
https://images.squarespace-cdn.com/content/v1/599082a2e58c6284b2a19d1a/0a4ff14b-3aff-4439-927c-76e8cb249cfc/Sir+Lawrence+Alma-Tadema+-+Unconscious+Rivals.jpg?format=1500w	static/images/Sir-Lawrence-Alma-Tadema-Unconscious-Rivals.jpg
https://images.squarespace-cdn.com/content/v1/599082a2e58c6284b2a19d1a/1e571a67-2a47-4e49-820a-15e8518bc9dd/George+Frederick+Watts+-+Miss+Mary+Kirkpatrick+Brunton+.jpeg?format=1500w	static/images/George-Frederick-Watts-Miss-Mary-Kirkpatrick-Brunton-.jpeg
https://images.squarespace-cdn.com/content/v1/599082a2e58c6284b2a19d1a/b08ecd1e-4da2-469e-9e82-b932fb5b84a5/HelenCarte1885.jpg?format=1500w	static/images/HelenCarte1885.jpg
https://images.squarespace-cdn.com/content/v1/599082a2e58c6284b2a19d1a/91824380-dbe2-4684-9fd3-97ff7ea4b869/Benjamin+Robert+Haydon+-+Bartholomew+Fair+.jpeg?format=1500w	static/images/Benjamin-Robert-Haydon-Bartholomew-Fair-.jpeg
https://images.squarespace-cdn.com/content/v1/599082a2e58c6284b2a19d1a/689e47fe-a217-429d-9b6a-c633dc0c4cd9/Joseph+Farquharson+-+The+Shortening+Winter%27s+Day+is+Near+a+Close.jpeg?format=1500w	static/images/Joseph-Farquharson-The-Shortening-Winters-Day-is-Near-a-Close.jpeg
https://images.squarespace-cdn.com/content/v1/599082a2e58c6284b2a19d1a/fce838a7-7c23-4875-a9c6-757556a2e505/Henry+John+Yeend+King+-+Feeding+Time.JPG?format=1500w	static/images/Henry-John-Yeend-King-Feeding-Time.JPG
https://images.squarespace-cdn.com/content/v1/599082a2e58c6284b2a19d1a/4701a86f-cbab-4760-a5af-b636707f4b0d/Alexander+Mark+Rossi+-+On+the+Shores+of+Bognor+Regis.jpg?format=1500w	static/images/Alexander-Mark-Rossi-On-the-Shores-of-Bognor-Regis.jpg
https://images.squarespace-cdn.com/content/v1/599082a2e58c6284b2a19d1a/8b2cedd2-4786-4281-98e1-2e2d8ddb33fa/Frederick+Judd+Waugh%2C+Sark.jpg?format=1500w	static/images/Frederick-Judd-Waugh-Sark.jpg
https://images.squarespace-cdn.com/content/v1/599082a2e58c6284b2a19d1a/78ad2fe0-6e01-4786-8e25-9de7de5b17b1/Paul+Fordyce+Maitland%2C+The+Bayswater+Road+from+Kensington+Gardens.jpg?format=1500w	static/images/Paul-Fordyce-Maitland-The-Bayswater-Road-from-Kensington-Gardens.jpg
https://images.squarespace-cdn.com/content/v1/599082a2e58c6284b2a19d1a/2677fc4b-c190-405e-be5a-3ea0851c4860/Albert+Joseph+Moore+-+A+Summer+Night.jpg?format=1500w	static/images/Albert-Joseph-Moore-A-Summer-Night.jpg
https://images.squarespace-cdn.com/content/v1/599082a2e58c6284b2a19d1a/8b913368-3d18-4134-8c4b-96ef0bef70fe/Julian+Alden+Weir%2C+The+Factory+Village.jpg?format=1500w	static/images/Julian-Alden-Weir-The-Factory-Village.jpg
https://images.squarespace-cdn.com/content/v1/599082a2e58c6284b2a19d1a/ce70b177-1f3b-43c3-9bc7-0ce9d6ac0fac/George+Clausen-Winter+Work.jpg?format=1500w	static/images/George-Clausen-Winter-Work.jpg
https://images.squarespace-cdn.com/content/v1/599082a2e58c6284b2a19d1a/5af4d845-e9e9-404f-a1f8-46311c5440fe/James+Sant+-+Contemplation+.jpg?format=1500w	static/images/James-Sant-Contemplation-.jpg
https://images.squarespace-cdn.com/content/v1/599082a2e58c6284b2a19d1a/ebe89fae-ff40-4df8-90b5-1f658c5687a8/Hubert+Von+Herkomer+-+Watching+the+Invaders+.jpg?format=1500w	static/images/Hubert-Von-Herkomer-Watching-the-Invaders-.jpg
https://images.squarespace-cdn.com/content/v1/599082a2e58c6284b2a19d1a/99af7e93-1268-4cca-9d82-f0d76a731966/Atkinson+Grimshaw+-+A+Mossy+Glen.jpeg?format=1500w	static/images/Atkinson-Grimshaw-A-Mossy-Glen.jpeg
https://images.squarespace-cdn.com/content/v1/599082a2e58c6284b2a19d1a/3cbaeb11-6ac7-442e-bb00-f776fbaf828d/Benjamin+Leader+-+A+Relic+of+the+Past.jpg?format=1500w	static/images/Benjamin-Leader-A-Relic-of-the-Past.jpg
https://images.squarespace-cdn.com/content/v1/599082a2e58c6284b2a19d1a/cb75f161-d15a-44ed-bd60-5f5c294f0a39/Atkinson+Grimshaw+-+Woman+on+a+Path+by+a+Cottage.jpeg?format=1500w	static/images/Atkinson-Grimshaw-Woman-on-a-Path-by-a-Cottage.jpeg
https://images.squarespace-cdn.com/content/v1/599082a2e58c6284b2a19d1a/8e36085f-a7ee-4ebd-a88e-57e868241be4/John+Collier+-+The+Garden+Party.jpeg?format=1500w	static/images/John-Collier-The-Garden-Party.jpeg
https://images.squarespace-cdn.com/content/v1/599082a2e58c6284b2a19d1a/418d2da6-4b73-4615-87b8-23481827f737/John+Frederick+Lewis+-+A+Short+Cut+Home.jpg?format=1500w	static/images/John-Frederick-Lewis-A-Short-Cut-Home.jpg
https://images.squarespace-cdn.com/content/v1/599082a2e58c6284b2a19d1a/221546a4-a0fd-4ed8-b28a-bd303520579e/Edward+Matthew+Ward+-+Doctor+Johnson+in+the+Ante-Room+of+the+Lord+Chesterfield+Waiting+for+an+Audience%2C+1748.jpg?format=1500w	static/images/Edward-Matthew-Ward-Doctor-Johnson-in-the-Ante-Room-of-the-Lord-Chesterfield-Waiting-for-an-Audience-1748.jpg
https://images.squarespace-cdn.com/content/v1/599082a2e58c6284b2a19d1a/94ac34a9-a669-4476-bfe2-951357b5e84f/Atkinson+Grimshaw+-+In+Peril.jpeg?format=1500w	static/images/Atkinson-Grimshaw-In-Peril.jpeg
https://images.squarespace-cdn.com/content/v1/599082a2e58c6284b2a19d1a/8d7d3c36-aac0-46c3-aefe-cbffe0595000/Alfred+Fowler+Patten+-+The+Child+and+the+Star.jpeg?format=1500w	static/images/Alfred-Fowler-Patten-The-Child-and-the-Star.jpeg
https://images.squarespace-cdn.com/content/v1/599082a2e58c6284b2a19d1a/d51bae41-9ef4-4d64-b7e4-200d7b34c471/Helen+Allingham+-+Lessons.jpg?format=1500w	static/images/Helen-Allingham-Lessons.jpg
https://images.squarespace-cdn.com/content/v1/599082a2e58c6284b2a19d1a/4d746a14-1291-42ba-b902-2ba8e34fb5dc/John+Callcott+Horsley+-+The+Pride+of+the+Village.jpg?format=1500w	static/images/John-Callcott-Horsley-The-Pride-of-the-Village.jpg
https://images.squarespace-cdn.com/content/v1/599082a2e58c6284b2a19d1a/7a7a602a-8a4b-463a-8090-be4e26325a47/Evelyn+De+Morgan+-+Earthbound.jpg?format=1500w	static/images/Evelyn-De-Morgan-Earthbound.jpg
https://images.squarespace-cdn.com/content/v1/599082a2e58c6284b2a19d1a/78700fd7-0eee-49d5-824e-3e6763be3568/Sir+Lawrence+Alma-Tadema+-+Spring%2C+Villa+Borghese.jpeg?format=1500w	static/images/Sir-Lawrence-Alma-Tadema-Spring-Villa-Borghese.jpeg
https://images.squarespace-cdn.com/content/v1/599082a2e58c6284b2a19d1a/ade432b7-a49d-4d4d-99e7-e16a61e1a1e3/George+Goodwin+Kilburne+-+A+Peaceful+Read.jpeg?format=1500w	static/images/George-Goodwin-Kilburne-A-Peaceful-Read.jpeg
https://images.squarespace-cdn.com/content/v1/599082a2e58c6284b2a19d1a/b0d656fe-eba9-44b6-b0e0-516c68aa9f54/Frank+Holl+-+Waiting+the+return+of+the+boats%2C+Cullercoats%2C+Northumberland.jpg?format=1500w	static/images/Frank-Holl-Waiting-the-return-of-the-boats-Cullercoats-Northumberland.jpg
https://images.squarespace-cdn.com/content/v1/599082a2e58c6284b2a19d1a/16db8d73-8df5-494c-89c4-ada161485712/Thomas+Webster+-+A+School+Playground.jpg?format=1500w	static/images/Thomas-Webster-A-School-Playground.jpg
https://images.squarespace-cdn.com/content/v1/599082a2e58c6284b2a19d1a/e5771eb5-5bf1-4991-8562-b5fe0a8c6272/George+William+Joy+-+Cordelia+Comforting+her+Father%2C+King+Lear%2C+in+Prison.jpg?format=1500w	static/images/George-William-Joy-Cordelia-Comforting-her-Father-King-Lear-in-Prison.jpg
https://images.squarespace-cdn.com/content/v1/599082a2e58c6284b2a19d1a/5121caff-9777-4c1c-bb9d-cbeced0a7eaa/Stanhope+Alexander+Forbes+-++Farmyard+.jpg?format=1500w	static/images/Stanhope-Alexander-Forbes-Farmyard-.jpg
https://images.squarespace-cdn.com/content/v1/599082a2e58c6284b2a19d1a/74e9cebe-16e2-4b64-94cf-5da3be10f242/Solomon+Joseph+Solomon+-+The+Breakfast+Table+.jpg?format=1500w	static/images/Solomon-Joseph-Solomon-The-Breakfast-Table-.jpg
https://images.squarespace-cdn.com/content/v1/599082a2e58c6284b2a19d1a/bce87a40-cce5-43dd-b780-d2dac6bfdbb1/Martin+Archer+Shee+-+Young+Actress+.jpg?format=1500w	static/images/Martin-Archer-Shee-Young-Actress-.jpg
https://images.squarespace-cdn.com/content/v1/599082a2e58c6284b2a19d1a/407c7dbc-0858-495d-a03d-4d9c82cfb166/Henry+John+Yeend+King+-+At+the+Farm+Gate.JPG?format=1500w	static/images/Henry-John-Yeend-King-At-the-Farm-Gate.JPG
https://images.squarespace-cdn.com/content/v1/599082a2e58c6284b2a19d1a/c23855c6-7037-40a7-ab88-0fcbdbf6ff9d/Alfred+William+Hunt-A+North+Country+Stream+.jpg?format=1500w	static/images/Alfred-William-Hunt-A-North-Country-Stream-.jpg
https://images.squarespace-cdn.com/content/v1/599082a2e58c6284b2a19d1a/ea41aa8f-5a88-4c52-a783-3cedf73c977a/Henry+John+Stock-The+Four+and+Twenty+Elders.jpg?format=1500w	static/images/Henry-John-Stock-The-Four-and-Twenty-Elders.jpg
https://images.squarespace-cdn.com/content/v1/599082a2e58c6284b2a19d1a/21ef6f65-77c8-40c1-85a9-d253bddf53d3/Johann+Hermann+Carmiencke%2C+Poughkeepsie+Iron+Works+%28Bech%E2%80%99s_Furnace%29.jpg?format=1500w	static/images/Johann-Hermann-Carmiencke-Poughkeepsie-Iron-Works-Bechs_Furnace.jpg
https://images.squarespace-cdn.com/content/v1/599082a2e58c6284b2a19d1a/fc59fc0c-5b98-46a9-8e04-d6830bb745cd/William+Powell+Frith+-+Catherine+Seyton+Looking+from+the+Battlements+at+Loch+Leven+Castle+.jpg?format=1500w	static/images/William-Powell-Frith-Catherine-Seyton-Looking-from-the-Battlements-at-Loch-Leven-Castle-.jpg
https://images.squarespace-cdn.com/content/v1/599082a2e58c6284b2a19d1a/284fd7e0-3118-4adf-89b1-4c1025de847d/Horace+Henry+Cauty-Tennis+Players.jpg?format=1500w	static/images/Horace-Henry-Cauty-Tennis-Players.jpg
https://images.squarespace-cdn.com/content/v1/599082a2e58c6284b2a19d1a/e7ccdb38-2810-4083-b3f3-e2ff37aa653c/Arthur+Perigal+the+Younger%2C+Strowan+Bridge.jpg?format=1500w	static/images/Arthur-Perigal-the-Younger-Strowan-Bridge.jpg
https://images.squarespace-cdn.com/content/v1/599082a2e58c6284b2a19d1a/aa9680a8-b7db-4262-8867-7b146cdbc901/John+Everett+Millais+-+The+Old+Garden.jpeg?format=1500w	static/images/John-Everett-Millais-The-Old-Garden.jpeg
https://images.squarespace-cdn.com/content/v1/599082a2e58c6284b2a19d1a/759adada-f354-4110-aeaf-bf6cda26d649/Samuel+Butler+-+Family+Prayers+.jpg?format=1500w	static/images/Samuel-Butler-Family-Prayers-.jpg
https://images.squarespace-cdn.com/content/v1/599082a2e58c6284b2a19d1a/93ee12a2-f3c6-47ac-8136-84aa3cd9b82b/Enoch+Wood+Perry%2C+Talking+It+Over.jpg?format=1500w	static/images/Enoch-Wood-Perry-Talking-It-Over.jpg
https://images.squarespace-cdn.com/content/v1/599082a2e58c6284b2a19d1a/943c2f29-8d88-4b25-bfa2-95df753f12fc/Sir+Edwin+Henry+Landseer%2C+Monarch+of+the+Glen.JPG?format=1500w	static/images/Sir-Edwin-Henry-Landseer-Monarch-of-the-Glen.JPG
https://images.squarespace-cdn.com/content/v1/599082a2e58c6284b2a19d1a/3f861e97-88a3-432b-ba94-6359908b10c0/John+Collier+-+The+Three+Daughters+of+William+Reed+.jpg?format=1500w	static/images/John-Collier-The-Three-Daughters-of-William-Reed-.jpg
https://images.squarespace-cdn.com/content/v1/599082a2e58c6284b2a19d1a/b86d095a-87fc-42ae-ba93-0e84fe019484/Joseph+Farquharson+-+The+Shortening+Winter%27s+Day+is+Near+a+Close.jpeg?format=1500w	static/images/Joseph-Farquharson-The-Shortening-Winters-Day-is-Near-a-Close-2.jpeg
https://images.squarespace-cdn.com/content/v1/599082a2e58c6284b2a19d1a/42d1f342-dd3d-4ffd-bb79-1ac16ef20615/Etty_%E2%80%93_Musidora-_The_Bather_%27At_the_Doubtful_Breeze_Alarmed%27.jpg?format=1500w	static/images/Etty__Musidora-_The_Bather_At_the_Doubtful_Breeze_Alarmed.jpg
https://images.squarespace-cdn.com/content/v1/599082a2e58c6284b2a19d1a/2205aaad-4359-4d02-b97d-19030b8c94e9/John+Lavery+-+Viscount+Morley+Addressing+the+House+of+Lords+.jpg?format=1500w	static/images/John-Lavery-Viscount-Morley-Addressing-the-House-of-Lords-.jpg
https://images.squarespace-cdn.com/content/v1/599082a2e58c6284b2a19d1a/111a166f-fec0-4f3f-b822-d015dc3a2840/George+Scharf+-+View+of+the+%27Three+Compasses%27+Inn+and+St+Mary%27s+Church%2C+Hornsey+High+Street+.jpeg?format=1500w	static/images/George-Scharf-View-of-the-Three-Compasses-Inn-and-St-Marys-Church-Hornsey-High-Street-.jpeg
https://images.squarespace-cdn.com/content/v1/599082a2e58c6284b2a19d1a/0d55a42c-9f9c-4940-ae65-04547fc68ac5/William_Dyce_-_Piety-_The_Knights_of_the_Round_Table_about_to_Depart_in_Quest_of_the_Holy_Grail_-_Google_Art_Project.jpg?format=1500w	static/images/William_Dyce_-_Piety-_The_Knights_of_the_Round_Table_about_to_Depart_in_Quest_of_the_Holy_Grail_-_Google_Art_Project.jpg
https://images.squarespace-cdn.com/content/v1/599082a2e58c6284b2a19d1a/17af4e6c-2704-48bd-bddc-d78b4c5d0b81/Edward+John+Poynter+-+The+Violinist.jpg?format=1500w	static/images/Edward-John-Poynter-The-Violinist.jpg
https://images.squarespace-cdn.com/content/v1/599082a2e58c6284b2a19d1a/6b1a9ee0-b11d-4337-a9d7-cde2744a0831/Frith_A_Private_View.jpg?format=1500w	static/images/Frith_A_Private_View.jpg
https://images.squarespace-cdn.com/content/v1/599082a2e58c6284b2a19d1a/256d684c-44a0-454c-bc62-821a24e9a0fa/Frederick+Goodall+-+The+Drinking+Trough%2C+A+Scene+in+Brittany.jpg?format=1500w	static/images/Frederick-Goodall-The-Drinking-Trough-A-Scene-in-Brittany.jpg
https://images.squarespace-cdn.com/content/v1/599082a2e58c6284b2a19d1a/44e7f022-8a86-4b99-9d7c-e45bd20b4242/John+William+Waterhouse+-+Consulting+the+Oracle.jpeg?format=1500w	static/images/John-William-Waterhouse-Consulting-the-Oracle.jpeg
https://images.squarespace-cdn.com/content/v1/599082a2e58c6284b2a19d1a/671cdfbf-6fec-48c7-ae9a-1908df2be971/John+Collier+-+Sleeping+Beauty.jpg?format=1500w	static/images/John-Collier-Sleeping-Beauty.jpg
https://images.squarespace-cdn.com/content/v1/599082a2e58c6284b2a19d1a/d0a15827-0906-476a-ac88-0b13ae249432/Henrietta+Rae+-+Songs+of+the+Morning.jpeg?format=1500w	static/images/Henrietta-Rae-Songs-of-the-Morning.jpeg
https://images.squarespace-cdn.com/content/v1/599082a2e58c6284b2a19d1a/2ab9bba9-8d5d-4ee0-9001-8aafbb4ff956/Walter+Langley+-+Silent+Sorrow.jpeg?format=1500w	static/images/Walter-Langley-Silent-Sorrow.jpeg
https://images.squarespace-cdn.com/content/v1/599082a2e58c6284b2a19d1a/977cb824-5090-41fe-962f-63d1d33f03de/George+Goodwin+Kilburne%2C+Tea+for+Two.jpeg?format=1500w	static/images/George-Goodwin-Kilburne-Tea-for-Two.jpeg
https://images.squarespace-cdn.com/content/v1/599082a2e58c6284b2a19d1a/9fe7d583-1690-4fa2-9142-5b1719f22e98/John+Everett+Millais+-+Chill+October.JPG?format=1500w	static/images/John-Everett-Millais-Chill-October.JPG
https://images.squarespace-cdn.com/content/v1/599082a2e58c6284b2a19d1a/4598487a-ac02-49af-9391-7fb2c2b9f74e/Helen+Allingham+-+A+Surrey+Farmhouse.jpeg?format=1500w	static/images/Helen-Allingham-A-Surrey-Farmhouse.jpeg
https://images.squarespace-cdn.com/content/v1/599082a2e58c6284b2a19d1a/6d07a1ef-7b7b-4057-b135-bb17084e4700/Edward+Burne-Jones+-+The+Rose+Bower.jpeg?format=1500w	static/images/Edward-Burne-Jones-The-Rose-Bower.jpeg
https://images.squarespace-cdn.com/content/v1/599082a2e58c6284b2a19d1a/0d22242c-3b76-4454-85f1-e7f9dd54617a/George+Elgar+Hicks+-+Father+and+Daughter.jpeg?format=1500w	static/images/George-Elgar-Hicks-Father-and-Daughter.jpeg
https://images.squarespace-cdn.com/content/v1/599082a2e58c6284b2a19d1a/7d13ea68-50ff-42db-b76f-4341eaad03f9/James+Sant+-+The+Bride+.jpeg?format=1500w	static/images/James-Sant-The-Bride-.jpeg
https://images.squarespace-cdn.com/content/v1/599082a2e58c6284b2a19d1a/ff951e51-238f-4dbd-9e0d-86a0b07877db/Charles+Burton+Barber+-+A+Scratch+Pack.jpg?format=1500w	static/images/Charles-Burton-Barber-A-Scratch-Pack.jpg
https://images.squarespace-cdn.com/content/v1/599082a2e58c6284b2a19d1a/f69d3139-993c-4442-934b-78ea0d991a18/Helen+Allingham+-+Thatched+Cottage%2C+West+Horsley%2C+Surrey.jpeg?format=1500w	static/images/Helen-Allingham-Thatched-Cottage-West-Horsley-Surrey.jpeg
https://images.squarespace-cdn.com/content/v1/599082a2e58c6284b2a19d1a/6bcec2b8-aa40-4509-9c6e-49f5479a3555/Ambrosini+J%C3%A9r%C3%B4me+-+Rubens+Presenting+His+Picture+%27Peace+and+War%27+to+Charles+I.jpg?format=1500w	static/images/Ambrosini-Jérôme-Rubens-Presenting-His-Picture-Peace-and-War-to-Charles-I.jpg
https://images.squarespace-cdn.com/content/v1/599082a2e58c6284b2a19d1a/60c8dff7-5bed-44a6-817e-bc10c7bd185d/Abbott+H.+Thayer%E2%80%94Head+of+a+Woman+with+Fur-Lined+hood.jpg?format=1500w	static/images/Abbott-H.-ThayerHead-of-a-Woman-with-Fur-Lined-hood.jpg
https://images.squarespace-cdn.com/content/v1/599082a2e58c6284b2a19d1a/f0ac3d4f-91ad-42e2-8f4e-47c39dbe4f0e/Emma+Brownlow+-+The+Sick+Room.jpeg?format=1500w	static/images/Emma-Brownlow-The-Sick-Room.jpeg
https://images.squarespace-cdn.com/content/v1/599082a2e58c6284b2a19d1a/bb877038-51a4-41ae-a0cd-3acbdaf710fa/John+Ballantyne+-++Sir+Joseph+Noel+Paton+%281821%E2%80%931901%29%2C+Artist+%28Shown+in+his+Studio%29+.jpg?format=1500w	static/images/John-Ballantyne-Sir-Joseph-Noel-Paton-18211901-Artist-Shown-in-his-Studio-.jpg
https://images.squarespace-cdn.com/content/v1/599082a2e58c6284b2a19d1a/5a4dc8b2-79a9-490e-a8be-d674dc012cdb/James+Hayllar+-+The+Centre+of+Attraction+.jpg?format=1500w	static/images/James-Hayllar-The-Centre-of-Attraction-.jpg
https://images.squarespace-cdn.com/content/v1/599082a2e58c6284b2a19d1a/ae764c38-ff12-4034-b945-80cd6193abda/James+Jacques+Joseph+Tissot+-+A+Woman+of+Ambition.jpeg?format=1500w	static/images/James-Jacques-Joseph-Tissot-A-Woman-of-Ambition.jpeg
https://images.squarespace-cdn.com/content/v1/599082a2e58c6284b2a19d1a/e5997064-457b-4d81-b14b-67871d2457d8/Lord+Frederic+Leighton+-+Dante+in+Exile.jpeg?format=1500w	static/images/Lord-Frederic-Leighton-Dante-in-Exile.jpeg
https://images.squarespace-cdn.com/content/v1/599082a2e58c6284b2a19d1a/77812152-d627-41bc-8b13-f205e9b2b5b8/George+Elgar+Hicks+-+Lady+Driving+a+Gentleman.jpeg?format=1500w	static/images/George-Elgar-Hicks-Lady-Driving-a-Gentleman.jpeg
https://images.squarespace-cdn.com/content/v1/599082a2e58c6284b2a19d1a/16117aef-01c2-4ea6-b4e5-43f60ab6e0ae/Ralph+Hedley+-+The+Market+Wagon+.jpeg?format=1500w	static/images/Ralph-Hedley-The-Market-Wagon-.jpeg
https://images.squarespace-cdn.com/content/v1/599082a2e58c6284b2a19d1a/adf27a3f-cdbb-4549-8933-e70cee750295/Frederick+Richard+Lee+and+Thomas+Sidney+Cooper+-+Evening+in+the+Meadows.jpeg?format=1500w	static/images/Frederick-Richard-Lee-and-Thomas-Sidney-Cooper-Evening-in-the-Meadows.jpeg
https://images.squarespace-cdn.com/content/v1/599082a2e58c6284b2a19d1a/66b73463-6f59-46c4-bc2f-b9320b872652/John+William+Waterhouse+-+The+Household+Gods.jpeg?format=1500w	static/images/John-William-Waterhouse-The-Household-Gods.jpeg
https://images.squarespace-cdn.com/content/v1/599082a2e58c6284b2a19d1a/2af3f262-968b-4498-9a1c-9b5b3e6904ce/Atkinson+Grimshaw+-+Stapleton+Park+near+Pontefract.jpeg?format=1500w	static/images/Atkinson-Grimshaw-Stapleton-Park-near-Pontefract.jpeg
https://images.squarespace-cdn.com/content/v1/599082a2e58c6284b2a19d1a/1ed8def6-bfee-4c3e-8dd5-06c1074cb3d6/Mary+Ellen+Best+-+Blaues+Zimmer+der+Prinzessin+Elisabeth+im+Prinz-Carl-Palais%2C+Darmstadt%2C+.jpeg?format=1500w	static/images/Mary-Ellen-Best-Blaues-Zimmer-der-Prinzessin-Elisabeth-im-Prinz-Carl-Palais-Darmstadt-.jpeg
https://images.squarespace-cdn.com/content/v1/599082a2e58c6284b2a19d1a/9fcb037c-a0bf-45dd-98e3-b8f9df505a83/Atkinson+Grimshaw+-+Yew+Court%2C+Scalby.jpeg?format=1500w	static/images/Atkinson-Grimshaw-Yew-Court-Scalby.jpeg
https://images.squarespace-cdn.com/content/v1/599082a2e58c6284b2a19d1a/3b17ba26-b41e-43b9-9e1e-4668fb5d8b39/The_Devil%27s_Bridge%2C_St_Gotthard_Pass.jpg?format=1500w	static/images/The_Devils_Bridge_St_Gotthard_Pass.jpg
https://images.squarespace-cdn.com/content/v1/599082a2e58c6284b2a19d1a/93ffb602-9b8a-4f23-901d-0ff9da631b44/Sir+Lawrence+Alma-Tadema+-+Among+the+Ruins.jpeg?format=1500w	static/images/Sir-Lawrence-Alma-Tadema-Among-the-Ruins.jpeg
https://images.squarespace-cdn.com/content/v1/599082a2e58c6284b2a19d1a/bddf827f-8ee5-4a3f-876e-7d7ccdcb7b69/John+Berney+Ladbrooke+-+A+Country+Lane+in+Norfolk+.jpeg?format=1500w	static/images/John-Berney-Ladbrooke-A-Country-Lane-in-Norfolk-.jpeg
https://images.squarespace-cdn.com/content/v1/599082a2e58c6284b2a19d1a/0ae6239c-2a5b-49ac-883b-5837933a890f/Frederick+Daniel+Hardy%2C+Pleasant+Pages+.jpg?format=1500w	static/images/Frederick-Daniel-Hardy-Pleasant-Pages-.jpg
https://images.squarespace-cdn.com/content/v1/599082a2e58c6284b2a19d1a/865e98f4-a74f-4e22-963a-e2f17144ca9a/Laura+Theresa+Epps+Alma-Tadema%2C+The+Persistent+Reader.jpg?format=1500w	static/images/Laura-Theresa-Epps-Alma-Tadema-The-Persistent-Reader.jpg
https://images.squarespace-cdn.com/content/v1/599082a2e58c6284b2a19d1a/bdf8205c-bf16-446c-ae8e-d4c614d3095a/Joseph+Farquharson+-+When+the+West+with+Evening+Glows.jpg?format=1500w	static/images/Joseph-Farquharson-When-the-West-with-Evening-Glows.jpg
https://images.squarespace-cdn.com/content/v1/599082a2e58c6284b2a19d1a/4f004cdb-c544-4607-8092-aec6baaf94a0/Lord+Frederic+Leighton+-+Spirit+of+the+Summit.jpg?format=1500w	static/images/Lord-Frederic-Leighton-Spirit-of-the-Summit.jpg
https://images.squarespace-cdn.com/content/v1/599082a2e58c6284b2a19d1a/f329f1a8-367d-4e01-980f-12207e7d42ca/Robert+Henri%2C+Cumulus+Clouds%2C+East+River.jpeg?format=1500w	static/images/Robert-Henri-Cumulus-Clouds-East-River.jpeg
https://images.squarespace-cdn.com/content/v1/599082a2e58c6284b2a19d1a/503e633d-c201-4a81-b511-2e03281afa41/Abraham+Solomon+-+By+the+Seaside.jpeg?format=1500w	static/images/Abraham-Solomon-By-the-Seaside.jpeg
https://images.squarespace-cdn.com/content/v1/599082a2e58c6284b2a19d1a/4914753a-cfdb-4802-963a-f027eb634a67/Helen+Allingham+-+An+Irish+Cottage.jpeg?format=1500w	static/images/Helen-Allingham-An-Irish-Cottage.jpeg
https://images.squarespace-cdn.com/content/v1/599082a2e58c6284b2a19d1a/ed945349-a821-42d2-a983-df11d6896fe0/James+Jacques+Joseph+Tissot+-+The+Way.jpeg?format=1500w	static/images/James-Jacques-Joseph-Tissot-The-Way.jpeg
https://images.squarespace-cdn.com/content/v1/599082a2e58c6284b2a19d1a/92acef9d-91f3-4258-825a-3f257612d51c/Atkinson+Grimshaw+-+Lane+in+Cheshire.jpeg?format=1500w	static/images/Atkinson-Grimshaw-Lane-in-Cheshire.jpeg
https://images.squarespace-cdn.com/content/v1/599082a2e58c6284b2a19d1a/17696299-3d4b-48f1-a519-995f32147457/Sir+William+Quiller+Orchardson+-+In+the+Picture+Gallery+.jpeg?format=1500w	static/images/Sir-William-Quiller-Orchardson-In-the-Picture-Gallery-.jpeg
https://images.squarespace-cdn.com/content/v1/599082a2e58c6284b2a19d1a/59f99e9a-d1c2-4bd0-8b4e-59089a442a52/Charles+Sillem+Lidderdale+-+The+Letter.jpeg?format=1500w	static/images/Charles-Sillem-Lidderdale-The-Letter.jpeg
https://images.squarespace-cdn.com/content/v1/599082a2e58c6284b2a19d1a/55cedeae-053f-4a7f-b7cc-2e8055d869de/James+Jacques+Joseph+Tissot+-+Room+Overlooking+the+Harbor.jpg?format=1500w	static/images/James-Jacques-Joseph-Tissot-Room-Overlooking-the-Harbor-2.jpg
https://images.squarespace-cdn.com/content/v1/599082a2e58c6284b2a19d1a/5b6407c5-4448-44b0-9d59-d26784c9e012/Frederick+Morgan%2C+The+Teeter+Totter.jpg?format=1500w	static/images/Frederick-Morgan-The-Teeter-Totter.jpg
https://images.squarespace-cdn.com/content/v1/599082a2e58c6284b2a19d1a/82b8fa1b-e0e4-4376-a89a-f4416dfb76c9/George+Goodwin+Kilburne+-+Charity.jpeg?format=1500w	static/images/George-Goodwin-Kilburne-Charity.jpeg
https://images.squarespace-cdn.com/content/v1/599082a2e58c6284b2a19d1a/585a155a-668d-4863-88a7-420184c9890e/Marcus+Stone%2C+An+Offer+of+Marriage.jpeg?format=1500w	static/images/Marcus-Stone-An-Offer-of-Marriage.jpeg
https://images.squarespace-cdn.com/content/v1/599082a2e58c6284b2a19d1a/08554419-4aac-475c-9d0d-16603152da20/Cecil+Gordon+Lawson+-+Battle+Scene+outside+a+Town+.jpg?format=1500w	static/images/Cecil-Gordon-Lawson-Battle-Scene-outside-a-Town-.jpg
https://images.squarespace-cdn.com/content/v1/599082a2e58c6284b2a19d1a/17ebc6ec-c9a9-4988-9c9c-67bf1755e49e/George+Paul+Chalmers+-+Girl+in+a+Boat.jpg?format=1500w	static/images/George-Paul-Chalmers-Girl-in-a-Boat.jpg
https://images.squarespace-cdn.com/content/v1/599082a2e58c6284b2a19d1a/c2f14a51-9b71-4aae-a5e6-be80abbe0ef5/Charles+Burton+Barber+-+Time+to+Wake+Up.jpg?format=1500w	static/images/Charles-Burton-Barber-Time-to-Wake-Up.jpg
https://images.squarespace-cdn.com/content/v1/599082a2e58c6284b2a19d1a/fea9706d-a815-49e6-8522-6b5e61deb71e/Henry+Perronet+Briggs%2C+The+Progress+of+Civilisation.jpg?format=1500w	static/images/Henry-Perronet-Briggs-The-Progress-of-Civilisation.jpg
https://images.squarespace-cdn.com/content/v1/599082a2e58c6284b2a19d1a/5552ad00-1dd8-4f7c-94cb-7b91197d3291/George+Paul+Chalmers+-+Reading+by+the+Fireside+.jpeg?format=1500w	static/images/George-Paul-Chalmers-Reading-by-the-Fireside-.jpeg
https://images.squarespace-cdn.com/content/v1/599082a2e58c6284b2a19d1a/bfe629f7-43da-4ec6-b372-b9df3c06a45c/Stanhope+Alexander+Forbes+-+Feeding+the+Pigs+.jpg?format=1500w	static/images/Stanhope-Alexander-Forbes-Feeding-the-Pigs--2.jpg
https://images.squarespace-cdn.com/content/v1/599082a2e58c6284b2a19d1a/9ad1cd46-b214-467d-aedc-edb8122f91b2/Daniel+Maclise+-+Scene+from+Ben+Jonson%27s+%27Every+Man+in+His+Humour%27+1847-48.jpg?format=1500w	static/images/Daniel-Maclise-Scene-from-Ben-Jonsons-Every-Man-in-His-Humour-1847-48.jpg
https://images.squarespace-cdn.com/content/v1/599082a2e58c6284b2a19d1a/e590a287-4583-4e9b-b6b2-f94df1921e1e/Sir+Thomas+Lawrence+-+Paulina+%281784%E2%80%931823%29%2C+First+Wife+of+Sir+Codrington+Edmund+Carrington+.jpg?format=1500w	static/images/Sir-Thomas-Lawrence-Paulina-17841823-First-Wife-of-Sir-Codrington-Edmund-Carrington-.jpg
https://images.squarespace-cdn.com/content/v1/599082a2e58c6284b2a19d1a/ff281462-a357-4fa8-a23c-2a95b0b523ee/Kate+Greenaway%2C+Christmas+Card.jpg?format=1500w	static/images/Kate-Greenaway-Christmas-Card.jpg
https://images.squarespace-cdn.com/content/v1/599082a2e58c6284b2a19d1a/803d690d-7919-464f-aed0-077ce6b4d0b1/Hubert+von+Herkomer+-+Entranced+%28The+Lady+in+Black%29+.jpg?format=1500w	static/images/Hubert-von-Herkomer-Entranced-The-Lady-in-Black-.jpg
https://images.squarespace-cdn.com/content/v1/599082a2e58c6284b2a19d1a/ce5f286a-c6ed-4221-9ac1-5b786c08a8b5/Atkinson+Grimshaw+-+Sunset+from+Chilworth+Common%2C+Hampshire.jpg?format=1500w	static/images/Atkinson-Grimshaw-Sunset-from-Chilworth-Common-Hampshire.jpg
https://images.squarespace-cdn.com/content/v1/599082a2e58c6284b2a19d1a/1568345855588-PJKEDQAR2LQVS3VYVPZK/Pointing+Hand.png?format=1500w	static/images/Pointing-Hand-82.png
https://images.squarespace-cdn.com/content/v1/599082a2e58c6284b2a19d1a/658cfe9e-e674-4edf-b168-b1939c8aac79/Richard+Redgrave+-+Young+Lady+Bountiful.jpg?format=1500w	static/images/Richard-Redgrave-Young-Lady-Bountiful.jpg
https://images.squarespace-cdn.com/content/v1/599082a2e58c6284b2a19d1a/84f3dabb-ba9b-4a80-b991-cf6dee4fa8df/Hubert+von+Herkomer+-+On+Strike+1891.jpg?format=1500w	static/images/Hubert-von-Herkomer-On-Strike-1891.jpg
https://images.squarespace-cdn.com/content/v1/599082a2e58c6284b2a19d1a/86df1a4a-1451-44cc-a924-44220f06740d/William+Maw+Egley+-+The+Letter.jpg?format=1500w	static/images/William-Maw-Egley-The-Letter.jpg
https://images.squarespace-cdn.com/content/v1/599082a2e58c6284b2a19d1a/c05295df-7194-45a2-9e81-fa3eb39090dc/Benjamin+Leader+-+Where+Peaceful+Waters+Glide.jpg?format=1500w	static/images/Benjamin-Leader-Where-Peaceful-Waters-Glide.jpg
https://images.squarespace-cdn.com/content/v1/599082a2e58c6284b2a19d1a/88279619-92a0-40c8-b448-44ad7db66af0/Ernest+Normand+-+Evil+Sought.jpg?format=1500w	static/images/Ernest-Normand-Evil-Sought.jpg
https://images.squarespace-cdn.com/content/v1/599082a2e58c6284b2a19d1a/85e50770-5a6a-42f2-bb89-356ecf3e7a9b/Walter+Langley+-+A+Cornish+Idyll.jpg?format=1500w	static/images/Walter-Langley-A-Cornish-Idyll.jpg
https://images.squarespace-cdn.com/content/v1/599082a2e58c6284b2a19d1a/13f5fda9-7145-4c7c-8e95-86c034773b45/Jane+Maria+Bowkett+-+Girl+at+a+Well+.jpeg?format=1500w	static/images/Jane-Maria-Bowkett-Girl-at-a-Well-.jpeg
https://images.squarespace-cdn.com/content/v1/599082a2e58c6284b2a19d1a/958c32c6-7860-4781-88b4-dfe51cd598cc/Godefroy+Durand%2C+Original_Costumes_for_the_Velocipede_Race_in_Bordeaux%2C_1868.jpg?format=1500w	static/images/Godefroy-Durand-Original_Costumes_for_the_Velocipede_Race_in_Bordeaux_1868.jpg
https://images.squarespace-cdn.com/content/v1/599082a2e58c6284b2a19d1a/5fa6ab2c-5095-4e2a-b52b-a45e261dd471/George+Bernard+O%27Neill+-+Grandfather%27s+Advice.jpeg?format=1500w	static/images/George-Bernard-ONeill-Grandfathers-Advice.jpeg
https://images.squarespace-cdn.com/content/v1/599082a2e58c6284b2a19d1a/6608e9cd-c08f-419d-afa1-b71143618645/Frederick+Daniel+Hardy+-+The+Young+Photographers+.jpeg?format=1500w	static/images/Frederick-Daniel-Hardy-The-Young-Photographers-.jpeg
https://images.squarespace-cdn.com/content/v1/599082a2e58c6284b2a19d1a/3b74d3a6-7465-478c-adc6-5b3081ba92eb/Atkinson+Grimshaw+-+Autumn+Evening.jpeg?format=1500w	static/images/Atkinson-Grimshaw-Autumn-Evening.jpeg
https://images.squarespace-cdn.com/content/v1/599082a2e58c6284b2a19d1a/07c5092e-52c1-4b81-acde-77cc27ce9fe6/Charles+Burton+Barber+-+Not+Much+Wrong.jpeg?format=1500w	static/images/Charles-Burton-Barber-Not-Much-Wrong.jpeg
https://images.squarespace-cdn.com/content/v1/599082a2e58c6284b2a19d1a/482a25c1-5e21-4cff-9469-2a7eb576fc7e/George+Frederick+Watts+-++Lady+Somers+.jpeg?format=1500w	static/images/George-Frederick-Watts-Lady-Somers-.jpeg
https://images.squarespace-cdn.com/content/v1/599082a2e58c6284b2a19d1a/e8f21356-9291-4289-b4d7-3b863e06cacb/John+Anster+Fitzgerald+-+The+Stuff+that+Dreams+are+Made+Of.jpeg?format=1500w	static/images/John-Anster-Fitzgerald-The-Stuff-that-Dreams-are-Made-Of.jpeg
https://images.squarespace-cdn.com/content/v1/599082a2e58c6284b2a19d1a/c8b76fb7-b337-4bd8-9c65-0d21acfe4db9/James+Jacques+Joseph+Tissot+-+The+Rendezvous.jpg?format=1500w	static/images/James-Jacques-Joseph-Tissot-The-Rendezvous.jpg
https://images.squarespace-cdn.com/content/v1/599082a2e58c6284b2a19d1a/1844dff8-62dd-4c5f-b003-5e330544777b/John+Prescott+Knight+-+Smugglers+Alarmed+.jpg?format=1500w	static/images/John-Prescott-Knight-Smugglers-Alarmed-.jpg
https://images.squarespace-cdn.com/content/v1/599082a2e58c6284b2a19d1a/f67f6420-605c-4f81-a665-eb08b018cf6d/Edward+Burne-Jones+-+The+Days+of+Creation.jpeg?format=1500w	static/images/Edward-Burne-Jones-The-Days-of-Creation.jpeg
https://images.squarespace-cdn.com/content/v1/599082a2e58c6284b2a19d1a/bd20883c-2495-47ff-bd84-74246007b07e/John_William_Waterhouse_-_Magic_Circle.jpg?format=1500w	static/images/John_William_Waterhouse_-_Magic_Circle.jpg
https://images.squarespace-cdn.com/content/v1/599082a2e58c6284b2a19d1a/68a1648c-fd29-434e-a662-441686207987/Thomas+Benjamin+Kennington+-+The+Wedding+Dress.jpeg?format=1500w	static/images/Thomas-Benjamin-Kennington-The-Wedding-Dress.jpeg
https://images.squarespace-cdn.com/content/v1/599082a2e58c6284b2a19d1a/5b739ab5-d851-4ab3-baa0-b1649745f89f/Robert+Walker+MacBeth+-+Our+First+Tiff.jpeg?format=1500w	static/images/Robert-Walker-MacBeth-Our-First-Tiff.jpeg
https://images.squarespace-cdn.com/content/v1/599082a2e58c6284b2a19d1a/2d7d1deb-638a-4b6a-ad06-892b5842b0d9/John+Lavery+-+Anne+Moira+and+the+Honourable+Mrs+Forbes-Sempill+.jpg?format=1500w	static/images/John-Lavery-Anne-Moira-and-the-Honourable-Mrs-Forbes-Sempill-.jpg
https://images.squarespace-cdn.com/content/v1/599082a2e58c6284b2a19d1a/a6bfa7de-bbf6-4282-a9ae-ea70204c312f/Sir+David+Wilkie+-+The+Confessional+.jpg?format=1500w	static/images/Sir-David-Wilkie-The-Confessional-.jpg
https://images.squarespace-cdn.com/content/v1/599082a2e58c6284b2a19d1a/d8019915-c4d4-47a8-a574-cc4845e6bbc5/William+Holman+Hunt+-+The+Old+Church+at+Ewell.jpeg?format=1500w	static/images/William-Holman-Hunt-The-Old-Church-at-Ewell.jpeg
https://images.squarespace-cdn.com/content/v1/599082a2e58c6284b2a19d1a/26d9bbd7-f41e-4fe9-869f-a3a82ef258ae/Philip+Wilson+Steer+-+The+Panama+Hat+.jpeg?format=1500w	static/images/Philip-Wilson-Steer-The-Panama-Hat-.jpeg
https://images.squarespace-cdn.com/content/v1/599082a2e58c6284b2a19d1a/3a156e65-f231-4c7e-b296-36d0c92c7e9c/Sir+William+Quiller+Orchardson+-+The+First+Cloud.jpeg?format=1500w	static/images/Sir-William-Quiller-Orchardson-The-First-Cloud.jpeg
https://images.squarespace-cdn.com/content/v1/599082a2e58c6284b2a19d1a/5094fac1-3e33-437b-b202-e20c7b97a021/Norman+Garstin+-+A+Woman+Reading+a+Newspaper+.jpeg?format=1500w	static/images/Norman-Garstin-A-Woman-Reading-a-Newspaper-.jpeg
https://images.squarespace-cdn.com/content/v1/599082a2e58c6284b2a19d1a/25107e99-8728-49d1-8b8b-1ed8e8fbaf4f/Sir+William+Quiller+Orchardson+-+A+Social+Eddy+%28Left+by+the+Tide%29+.jpg?format=1500w	static/images/Sir-William-Quiller-Orchardson-A-Social-Eddy-Left-by-the-Tide-.jpg
https://images.squarespace-cdn.com/content/v1/599082a2e58c6284b2a19d1a/b57f2f59-be7e-43b2-810d-6121e09d989f/Helen+Allingham+-+The+Clothes+Line.jpg?format=1500w	static/images/Helen-Allingham-The-Clothes-Line-2.jpg
https://images.squarespace-cdn.com/content/v1/599082a2e58c6284b2a19d1a/0c6f3052-c102-437f-a783-f9b5db60791f/Sir+William+Quiller+Orchardson+-+Music+when+soft+voices+die%2C+vibrates+in+the+memory.jpg?format=1500w	static/images/Sir-William-Quiller-Orchardson-Music-when-soft-voices-die-vibrates-in-the-memory.jpg
https://images.squarespace-cdn.com/content/v1/599082a2e58c6284b2a19d1a/a39267b8-f40d-4555-8626-c17ec9fc95e4/John+Collier+-+Love+Me%2C+Love+My+Dog.jpg?format=1500w	static/images/John-Collier-Love-Me-Love-My-Dog.jpg
https://images.squarespace-cdn.com/content/v1/599082a2e58c6284b2a19d1a/8736bc0c-6232-4e40-ab66-36972457ac1d/Thomas+Graham+-+Alone+in+London+.jpg?format=1500w	static/images/Thomas-Graham-Alone-in-London-.jpg
https://images.squarespace-cdn.com/content/v1/599082a2e58c6284b2a19d1a/637c954a-8d30-4452-b643-096643f14ec3/George+Dunlop+Leslie-+Untitled.jpg?format=1500w	static/images/George-Dunlop-Leslie-Untitled.jpg
https://images.squarespace-cdn.com/content/v1/599082a2e58c6284b2a19d1a/e68d2010-f6a8-4e64-8f9c-71a13bfe2f27/Hubert+von+Herkomer+-+Rocky+Landscape+with+a+Wayside+Shrine+.jpeg?format=1500w	static/images/Hubert-von-Herkomer-Rocky-Landscape-with-a-Wayside-Shrine-.jpeg
https://images.squarespace-cdn.com/content/v1/599082a2e58c6284b2a19d1a/3bc81f9c-4153-457e-b855-df558045fb92/John+Martin+-+The+Coronation+of+Queen+Victoria.jpg?format=1500w	static/images/John-Martin-The-Coronation-of-Queen-Victoria.jpg
https://images.squarespace-cdn.com/content/v1/599082a2e58c6284b2a19d1a/30f0aaa5-dc03-4fed-8b38-4f09ddf114fe/John+Frederick+Lewis+-+Veiled+Egyptian+Girl%2C+Cairo.jpg?format=1500w	static/images/John-Frederick-Lewis-Veiled-Egyptian-Girl-Cairo.jpg
https://images.squarespace-cdn.com/content/v1/599082a2e58c6284b2a19d1a/eedc0662-1e0f-43df-b8c7-fd6ea9e7f00a/Thomas+Benjamin+Kennington+-+The+Pinch+of+Poverty.jpg?format=1500w	static/images/Thomas-Benjamin-Kennington-The-Pinch-of-Poverty.jpg
https://images.squarespace-cdn.com/content/v1/599082a2e58c6284b2a19d1a/f5bf8e3f-1aae-4acf-abdf-2d14d45a31ab/Hubert+von+Herkomer+-+Hard+Times.jpg?format=1500w	static/images/Hubert-von-Herkomer-Hard-Times.jpg
https://images.squarespace-cdn.com/content/v1/599082a2e58c6284b2a19d1a/10ff7575-0fe6-435f-bdc6-274d232d83cc/Charles+Sillem+Lidderdale+-+A+Country+Maid.jpeg?format=1500w	static/images/Charles-Sillem-Lidderdale-A-Country-Maid.jpeg
https://images.squarespace-cdn.com/content/v1/599082a2e58c6284b2a19d1a/3c73e191-7cdf-4246-b9da-4b191fbd804b/Henry+Stacey+Marks+-+What+is+It%3F.jpeg?format=1500w	static/images/Henry-Stacey-Marks-What-is-It.jpeg
https://images.squarespace-cdn.com/content/v1/599082a2e58c6284b2a19d1a/62458bb8-986b-4f29-bfd5-7fa8da8987f6/Robert+Henri%2C+Snow+in+New+York+.jpg?format=1500w	static/images/Robert-Henri-Snow-in-New-York-.jpg
https://images.squarespace-cdn.com/content/v1/599082a2e58c6284b2a19d1a/1c65632d-ff35-4d51-b560-3f57edf8128e/David+Roberts+-+Kurfu%CC%88rstliche+Burg%2C+Eltville%2C+on+the+Rhine%2C+Germany.jpg?format=1500w	static/images/David-Roberts-Kurfurstliche-Burg-Eltville-on-the-Rhine-Germany.jpg
https://images.squarespace-cdn.com/content/v1/599082a2e58c6284b2a19d1a/999afc75-5bbd-4266-8dc7-635c8f42b494/Sir+David+Wilkie+-+Boys+Digging+for+Rats+.jpeg?format=1500w	static/images/Sir-David-Wilkie-Boys-Digging-for-Rats-.jpeg
https://images.squarespace-cdn.com/content/v1/599082a2e58c6284b2a19d1a/afaa801c-8ebe-44b9-9057-28447374c60a/Alfred+De+Br%C3%A9anski%2C+Snr+-+Highland+Light.jpg?format=1500w	static/images/Alfred-De-Bréanski-Snr-Highland-Light.jpg
https://images.squarespace-cdn.com/content/v1/599082a2e58c6284b2a19d1a/18d22918-23e3-496d-bfff-e34a485a36df/Edward+Matthew+Ward+-+The+Last+Parting+of+Marie+Antoinette+and+her+Son.jpg?format=1500w	static/images/Edward-Matthew-Ward-The-Last-Parting-of-Marie-Antoinette-and-her-Son.jpg
https://images.squarespace-cdn.com/content/v1/599082a2e58c6284b2a19d1a/281d8056-e432-4199-a018-e0c51a11af95/Richard+Parkes+Bonington+-+Grand+Canal%2C+Venice.jpg?format=1500w	static/images/Richard-Parkes-Bonington-Grand-Canal-Venice.jpg
https://images.squarespace-cdn.com/content/v1/599082a2e58c6284b2a19d1a/3eb02d59-da02-436a-ad88-42246555ade8/Albert+Joseph+Moore+-+Birds+of+the+Air+.jpeg?format=1500w	static/images/Albert-Joseph-Moore-Birds-of-the-Air-.jpeg
https://images.squarespace-cdn.com/content/v1/599082a2e58c6284b2a19d1a/b9ecf3c9-e2d5-4e17-9b63-fefae0de25f7/Sir+William+Beechey-The+Misses+Plowden.jpg?format=1500w	static/images/Sir-William-Beechey-The-Misses-Plowden.jpg
https://images.squarespace-cdn.com/content/v1/599082a2e58c6284b2a19d1a/16864d96-46ce-4ae4-93b8-1056c67f9eac/John+Roddam+Spencer+Stanhope%2C+Rispah%2C+The+Daughter+Of+Aiah.jpg?format=1500w	static/images/John-Roddam-Spencer-Stanhope-Rispah-The-Daughter-Of-Aiah.jpg
https://images.squarespace-cdn.com/content/v1/599082a2e58c6284b2a19d1a/09cd3655-f7ae-40b3-bb62-db12bb1d4ea6/William+Etty%2C+The+Judgment+of+Paris.jpeg?format=1500w	static/images/William-Etty-The-Judgment-of-Paris.jpeg
https://images.squarespace-cdn.com/content/v1/599082a2e58c6284b2a19d1a/c6cada1a-60b8-49c2-936a-7afcd77675b3/Richard+Parkes+Bonington+-+The+Pont+des+Arts%2C+Paris.jpg?format=1500w	static/images/Richard-Parkes-Bonington-The-Pont-des-Arts-Paris.jpg
https://images.squarespace-cdn.com/content/v1/599082a2e58c6284b2a19d1a/22fe7bc1-f090-4b90-91c3-b79ceb4d5775/Sophie+Anderson+-+The+Song.jpeg?format=1500w	static/images/Sophie-Anderson-The-Song.jpeg
https://images.squarespace-cdn.com/content/v1/599082a2e58c6284b2a19d1a/a089d749-f26a-4d86-b9cb-8e303d828e6f/Helen+Allingham+-+Manor+House%2C+Kent.jpeg?format=1500w	static/images/Helen-Allingham-Manor-House-Kent.jpeg
https://images.squarespace-cdn.com/content/v1/599082a2e58c6284b2a19d1a/83658571-138d-4106-8e57-413904cad854/Joseph+Crawhall+-+Pigs+at+the+Trough.jpeg?format=1500w	static/images/Joseph-Crawhall-Pigs-at-the-Trough.jpeg
https://images.squarespace-cdn.com/content/v1/599082a2e58c6284b2a19d1a/25f0f1fa-52fb-47d6-af25-d2a498c3fb90/Robert+Gallon+-+English+Landscape.jpg?format=1500w	static/images/Robert-Gallon-English-Landscape.jpg
https://images.squarespace-cdn.com/content/v1/599082a2e58c6284b2a19d1a/1f5cf8ad-489c-42c0-b465-7e4ce312bdb6/Charles+Haigh+Wood+-+Reflective+Thoughts.jpeg?format=1500w	static/images/Charles-Haigh-Wood-Reflective-Thoughts.jpeg
https://images.squarespace-cdn.com/content/v1/599082a2e58c6284b2a19d1a/0c857dcb-9cf4-4d91-b892-59127340c2f0/James+Jacques+Joseph+Tissot+-+The+Widower.jpg?format=1500w	static/images/James-Jacques-Joseph-Tissot-The-Widower.jpg
https://images.squarespace-cdn.com/content/v1/599082a2e58c6284b2a19d1a/66023c94-51d8-4bb3-9f4d-163e7928a63a/Stanhope+Alexander+Forbes+-+By+Order+of+the+Court+.jpg?format=1500w	static/images/Stanhope-Alexander-Forbes-By-Order-of-the-Court-.jpg
https://images.squarespace-cdn.com/content/v1/599082a2e58c6284b2a19d1a/104c4a10-0770-457d-ab93-7d12ffba6eeb/Thomas+Benjamin+Kennington+-+Portrait+of+an+Unknown+Lady+.jpg?format=1500w	static/images/Thomas-Benjamin-Kennington-Portrait-of-an-Unknown-Lady-.jpg
https://images.squarespace-cdn.com/content/v1/599082a2e58c6284b2a19d1a/73b0486f-dc21-4a13-8924-9ff684758b85/Henry+Meynell+Rheam+-+A+Maid+Sweeping.jpg?format=1500w	static/images/Henry-Meynell-Rheam-A-Maid-Sweeping.jpg
https://images.squarespace-cdn.com/content/v1/599082a2e58c6284b2a19d1a/11479ad7-26b5-499a-8c42-4f537a38654d/Heywood+Hardy%2C+The+Disputed+Toll.jpg?format=1500w	static/images/Heywood-Hardy-The-Disputed-Toll.jpg
https://images.squarespace-cdn.com/content/v1/599082a2e58c6284b2a19d1a/6888a319-09e7-4e4a-90ea-bb94f01928a0/Richard+Redgrave+-+Country+Cousins.jpeg?format=1500w	static/images/Richard-Redgrave-Country-Cousins.jpeg
https://images.squarespace-cdn.com/content/v1/599082a2e58c6284b2a19d1a/1b23ef77-535c-4ca3-99c9-454c6164f637/Henry+Nelson+O%27Neil+-+Home+Again.jpg?format=1500w	static/images/Henry-Nelson-ONeil-Home-Again.jpg
https://images.squarespace-cdn.com/content/v1/599082a2e58c6284b2a19d1a/c9081477-e1e2-44bb-bdbc-727852476b04/Charles+Sillem+Lidderdale+-+The+Letter.jpg?format=1500w	static/images/Charles-Sillem-Lidderdale-The-Letter.jpg
https://images.squarespace-cdn.com/content/v1/599082a2e58c6284b2a19d1a/baedde1f-c8a5-4a29-84bb-348f77e6968b/Andrew+Carrick+Gow-A+Lost+Cause%2C+Flight+of+King+James+II+after+the+Battle+of+the+Boyne+.jpg?format=1500w	static/images/Andrew-Carrick-Gow-A-Lost-Cause-Flight-of-King-James-II-after-the-Battle-of-the-Boyne-.jpg
https://images.squarespace-cdn.com/content/v1/599082a2e58c6284b2a19d1a/2bb3ec1d-b337-4273-9404-a15a2451bae1/Edward+Matthew+Ward+-+The+Disgrace+of+Lord+Clarendon%2C+after+his+Last+Interview+with+the+King+-+Scene+at+Whitehall+Palace%2C+in+1667.jpg?format=1500w	static/images/Edward-Matthew-Ward-The-Disgrace-of-Lord-Clarendon-after-his-Last-Interview-with-the-King-Scene-at-Whitehall-Palace-in-1667.jpg
https://images.squarespace-cdn.com/content/v1/599082a2e58c6284b2a19d1a/b3a15737-67ff-42cc-9b90-c46d45853d7e/Marie+Spartali+Stillman+-+By+a+Clear+Well+with+a+Little+Field.jpeg?format=1500w	static/images/Marie-Spartali-Stillman-By-a-Clear-Well-with-a-Little-Field.jpeg
https://images.squarespace-cdn.com/content/v1/599082a2e58c6284b2a19d1a/1c993b65-7874-4eef-8913-0ae295e4adfd/John+Simmons+-+Girl+Holding+a+Lily.jpeg?format=1500w	static/images/John-Simmons-Girl-Holding-a-Lily.jpeg
https://images.squarespace-cdn.com/content/v1/599082a2e58c6284b2a19d1a/22cd89f3-e587-4714-97f9-10b149e81506/Richard+Parkes+Bonington+-+Fishmarket.jpeg?format=1500w	static/images/Richard-Parkes-Bonington-Fishmarket.jpeg
https://images.squarespace-cdn.com/content/v1/599082a2e58c6284b2a19d1a/034c6f6c-4490-48d7-99d6-be9bf84f999d/John+Partridge+-+A+Family+Scene+in+a+Domestic+Interior+.jpg?format=1500w	static/images/John-Partridge-A-Family-Scene-in-a-Domestic-Interior-.jpg
https://images.squarespace-cdn.com/content/v1/599082a2e58c6284b2a19d1a/45f7d799-9d7c-4b4f-8d30-b336cacd30f5/Edward+Matthew+Ward+-+The+South+Sea+Bubble%2C+a+Scene+in+%27Change+Alley+in+1720.jpg?format=1500w	static/images/Edward-Matthew-Ward-The-South-Sea-Bubble-a-Scene-in-Change-Alley-in-1720.jpg
https://images.squarespace-cdn.com/content/v1/599082a2e58c6284b2a19d1a/55d8f93c-bff5-431f-ae4a-f98afb112a05/James+Sant+-+Self-Portrait.jpeg?format=1500w	static/images/James-Sant-Self-Portrait.jpeg
https://images.squarespace-cdn.com/content/v1/599082a2e58c6284b2a19d1a/fe22b835-8cb6-411f-8928-2b6f93d07841/William+Powell+Frith+-++Lovers%27+Meeting+%28in+an+Interior+of+Haddon+Hall%29+.jpeg?format=1500w	static/images/William-Powell-Frith-Lovers-Meeting-in-an-Interior-of-Haddon-Hall-.jpeg
https://images.squarespace-cdn.com/content/v1/599082a2e58c6284b2a19d1a/057d9ed1-0433-4dbd-b015-e31f8243b731/Augustus+Leopold+Egg+-+Girl+Making+a+Bouquet+of+Flowers.jpg?format=1500w	static/images/Augustus-Leopold-Egg-Girl-Making-a-Bouquet-of-Flowers.jpg
https://images.squarespace-cdn.com/content/v1/599082a2e58c6284b2a19d1a/5906625f-81ea-446f-a439-c3a55de2fb32/Eleanor+Fortescue-Brickdale+-+The+Deceitfulness+of+Riches.jpeg?format=1500w	static/images/Eleanor-Fortescue-Brickdale-The-Deceitfulness-of-Riches.jpeg
https://images.squarespace-cdn.com/content/v1/599082a2e58c6284b2a19d1a/fcbc804b-e588-4d95-9a5d-6db90bc5e7b6/Waller+Hugh+Paton+-+In+the+Devon+Valley+near+Dollar+-+After+Rain.jpg?format=1500w	static/images/Waller-Hugh-Paton-In-the-Devon-Valley-near-Dollar-After-Rain.jpg
https://images.squarespace-cdn.com/content/v1/599082a2e58c6284b2a19d1a/0a262f89-5856-4f13-b91d-55026a965875/Thomas+Armstrong+-+The+Test.jpg?format=1500w	static/images/Thomas-Armstrong-The-Test.jpg
https://images.squarespace-cdn.com/content/v1/599082a2e58c6284b2a19d1a/c24bf6b7-3eed-4d40-ad48-d82b7e2d89d3/Atkinson+Grimshaw+-+Scarborough+Bay.jpg?format=1500w	static/images/Atkinson-Grimshaw-Scarborough-Bay.jpg
https://images.squarespace-cdn.com/content/v1/599082a2e58c6284b2a19d1a/7eff8e19-5cb8-4c16-b9c8-10e193e30645/Lord+Frederic+Leighton+-+The+Painter%27s+Honeymoon.jpg?format=1500w	static/images/Lord-Frederic-Leighton-The-Painters-Honeymoon.jpg
https://images.squarespace-cdn.com/content/v1/599082a2e58c6284b2a19d1a/a781b810-e91b-4f72-b00b-669d579b87af/John+Lavery+-+A+Conquest%2C+a+Heart+for+a+Rose+.jpeg?format=1500w	static/images/John-Lavery-A-Conquest-a-Heart-for-a-Rose-.jpeg
https://images.squarespace-cdn.com/content/v1/599082a2e58c6284b2a19d1a/5aeda23b-72e0-437b-b22c-b6b0ef35124e/George+Paul+Chalmers+-+In+the+Sulks+.jpg?format=1500w	static/images/George-Paul-Chalmers-In-the-Sulks-.jpg
https://images.squarespace-cdn.com/content/v1/599082a2e58c6284b2a19d1a/cac58b22-22d2-43bb-845e-78fadcaa4c7a/John+Atkinson+Grimshaw%E2%80%94Piccadilly+at+Night+.jpg?format=1500w	static/images/John-Atkinson-GrimshawPiccadilly-at-Night-.jpg
https://images.squarespace-cdn.com/content/v1/599082a2e58c6284b2a19d1a/75db1336-445e-49ff-ad54-df57e7eff436/Sophie+Anderson+-+The+Song.jpg?format=1500w	static/images/Sophie-Anderson-The-Song.jpg
https://images.squarespace-cdn.com/content/v1/599082a2e58c6284b2a19d1a/8b782ff8-0f5d-4d19-8fe1-f417226c2a94/Ludwig_Hermann_-_View_of_a_City_in_Winter.jpg?format=1500w	static/images/Ludwig_Hermann_-_View_of_a_City_in_Winter.jpg
https://images.squarespace-cdn.com/content/v1/599082a2e58c6284b2a19d1a/aa60b990-cf7a-4996-8cec-6a64c9ca97b1/George+Smith+-+Obliging+the+Company.jpg?format=1500w	static/images/George-Smith-Obliging-the-Company.jpg
https://images.squarespace-cdn.com/content/v1/599082a2e58c6284b2a19d1a/7fe1f003-32e2-4bf5-9bf9-1fea7f6db690/Marianne+North%2C+A+Ruined+Mosque+at+Champaneer.jpg?format=1500w	static/images/Marianne-North-A-Ruined-Mosque-at-Champaneer.jpg
https://images.squarespace-cdn.com/content/v1/599082a2e58c6284b2a19d1a/2d3535f8-739c-44b5-a16d-09d4dfe1c018/William+Sadler+-+Battle+of+Waterloo.jpg?format=1500w	static/images/William-Sadler-Battle-of-Waterloo.jpg
https://images.squarespace-cdn.com/content/v1/599082a2e58c6284b2a19d1a/1567095442464-KVL8MUOWC6KKXJEUS5FZ/Pointing+Hand.png?format=1500w	static/images/Pointing-Hand-83.png
https://images.squarespace-cdn.com/content/v1/599082a2e58c6284b2a19d1a/1e1447dd-8d09-47d4-9a77-4fd71a428f62/James+Sant+-+Ida+and+Ethel%2C+Twin+Daughters+of+J.+Searlight%2C+Esq.+.jpg?format=1500w	static/images/James-Sant-Ida-and-Ethel-Twin-Daughters-of-J.-Searlight-Esq.-.jpg
https://images.squarespace-cdn.com/content/v1/599082a2e58c6284b2a19d1a/124d40cc-6b31-4e08-b1be-36628ebab5f7/Stanhope+Alexander+Forbes+-++The+Terminus%2C+Penzance+Station%2C+Cornwall+.jpeg?format=1500w	static/images/Stanhope-Alexander-Forbes-The-Terminus-Penzance-Station-Cornwall-.jpeg
https://images.squarespace-cdn.com/content/v1/599082a2e58c6284b2a19d1a/a6ea01e2-078c-4b54-b899-b5ee76e5cfc7/Feasting+and+Fun+among+the+Fuschias.jpg?format=1500w	static/images/Feasting-and-Fun-among-the-Fuschias.jpg
https://images.squarespace-cdn.com/content/v1/599082a2e58c6284b2a19d1a/de7fbffe-6929-4c74-a9a3-21cd6f683e4c/Isaac+Walter+Jenner%2C+Hamilton+Reach%2C+Brisbane.jpg?format=1500w	static/images/Isaac-Walter-Jenner-Hamilton-Reach-Brisbane.jpg
https://images.squarespace-cdn.com/content/v1/599082a2e58c6284b2a19d1a/515420fe-5650-45ba-a5a9-bd71a76ec2d6/Albert+Joseph+Moore+-+The+Laboratory.jpeg?format=1500w	static/images/Albert-Joseph-Moore-The-Laboratory.jpeg
https://images.squarespace-cdn.com/content/v1/599082a2e58c6284b2a19d1a/9f5fbde6-1d07-4ff7-a7e9-7914750aacc7/George+Goodwin+Kilburne+-+Wynyard+Park+Overlooking+the+Lake+.jpeg?format=1500w	static/images/George-Goodwin-Kilburne-Wynyard-Park-Overlooking-the-Lake-.jpeg
https://images.squarespace-cdn.com/content/v1/599082a2e58c6284b2a19d1a/91a3d37e-d066-4d92-b902-04466c71f21e/George+Paul+Chalmers+-+The+Library+at+Haddo+House+.jpg?format=1500w	static/images/George-Paul-Chalmers-The-Library-at-Haddo-House-.jpg
https://images.squarespace-cdn.com/content/v1/599082a2e58c6284b2a19d1a/1580063013481-M5XZ1URIV7JLASUC58FV/William+Daniell%2C+Scene+in+the+Himalayas.jpg?format=1500w	static/images/William-Daniell-Scene-in-the-Himalayas.jpg
https://images.squarespace-cdn.com/content/v1/599082a2e58c6284b2a19d1a/1502743013956-BJFFLAWHLZ07WRWYFXQA/image-asset.jpeg?format=1500w	static/images/image-asset.jpeg
https://images.squarespace-cdn.com/content/v1/599082a2e58c6284b2a19d1a/1503028631890-B76MY3WKQS7UFTZ7NL2X/Square+Front+with+HBs+L.JPG?format=1500w	static/images/Square-Front-with-HBs-L.JPG
https://images.squarespace-cdn.com/content/v1/599082a2e58c6284b2a19d1a/1539985245479-YYXP3RA0346K9VTXDXH6/Thomas+Nast%2C+Boss+Tweed.jpg?format=1500w	static/images/Thomas-Nast-Boss-Tweed.jpg
https://images.squarespace-cdn.com/content/v1/599082a2e58c6284b2a19d1a/1672066747947-F8JUPV30UVAS9I179O3P/New+Title+Page+cropped.jpg?format=1500w	static/images/New-Title-Page-cropped.jpg
https://images.squarespace-cdn.com/content/v1/599082a2e58c6284b2a19d1a/1504537677586-PQFOBBCQ826LM9MT2QSC/favicon.ico?format=100w	static/favicon.ico
https://www.davidalfredbywaters.com/s/001-Its-an-Upset-hx3z.puz	static/s/001-Its-an-Upset-hx3z.puz
https://www.davidalfredbywaters.com/s/001-Its-an-Upset-mbf2.pdf	static/s/001-Its-an-Upset-mbf2.pdf
https://www.davidalfredbywaters.com/s/002-One-for-Two-kd8g.puz	static/s/002-One-for-Two-kd8g.puz
https://www.davidalfredbywaters.com/s/002-One-for-Two.pdf	static/s/002-One-for-Two.pdf
https://www.davidalfredbywaters.com/s/003-Broken-Ranks-gmbp.puz	static/s/003-Broken-Ranks-gmbp.puz
https://www.davidalfredbywaters.com/s/003-Broken-Ranks-g8sj.pdf	static/s/003-Broken-Ranks-g8sj.pdf
https://www.davidalfredbywaters.com/s/004-Plutocratic-Pastimes-5me8.puz	static/s/004-Plutocratic-Pastimes-5me8.puz
https://www.davidalfredbywaters.com/s/004-Plutocratic-Pastimes-mkb2.pdf	static/s/004-Plutocratic-Pastimes-mkb2.pdf
https://www.davidalfredbywaters.com/s/005-A-Minus.puz	static/s/005-A-Minus.puz
https://www.davidalfredbywaters.com/s/005-A-Minus.pdf	static/s/005-A-Minus.pdf
https://www.davidalfredbywaters.com/s/006-Oenology.puz	static/s/006-Oenology.puz
https://www.davidalfredbywaters.com/s/006-Oenology.pdf	static/s/006-Oenology.pdf
https://www.davidalfredbywaters.com/s/008-Self-Assertion.puz	static/s/008-Self-Assertion.puz
https://www.davidalfredbywaters.com/s/008-Self-Assertion.pdf	static/s/008-Self-Assertion.pdf
https://www.davidalfredbywaters.com/s/009-Making-Mischief-8fp8.puz	static/s/009-Making-Mischief-8fp8.puz
https://www.davidalfredbywaters.com/s/009-Making-Mischief-dj8r.pdf	static/s/009-Making-Mischief-dj8r.pdf
https://www.davidalfredbywaters.com/s/010-Multiple-Choice.puz	static/s/010-Multiple-Choice.puz
https://www.davidalfredbywaters.com/s/010-Multiple-Choice.pdf	static/s/010-Multiple-Choice.pdf
https://www.davidalfredbywaters.com/s/007-Self-Effacement.puz	static/s/007-Self-Effacement.puz
https://www.davidalfredbywaters.com/s/007-Self-Effacement.pdf	static/s/007-Self-Effacement.pdf
https://www.davidalfredbywaters.com/s/047-Falling-Leaves.puz	static/s/047-Falling-Leaves.puz
https://www.davidalfredbywaters.com/s/047-Falling-Leaves.pdf	static/s/047-Falling-Leaves.pdf
https://www.davidalfredbywaters.com/s/048-Emergency.puz	static/s/048-Emergency.puz
https://www.davidalfredbywaters.com/s/048-Emergency.pdf	static/s/048-Emergency.pdf
https://www.davidalfredbywaters.com/s/049-Masked-Masks.puz	static/s/049-Masked-Masks.puz
https://www.davidalfredbywaters.com/s/049-Masked-Masks.pdf	static/s/049-Masked-Masks.pdf
https://www.davidalfredbywaters.com/s/046-Mmm-mmmm.puz	static/s/046-Mmm-mmmm.puz
https://www.davidalfredbywaters.com/s/046-Mmm-mmmm.pdf	static/s/046-Mmm-mmmm.pdf
https://www.davidalfredbywaters.com/s/051-Sole-Patches.puz	static/s/051-Sole-Patches.puz
https://www.davidalfredbywaters.com/s/051-Sole-Patches.pdf	static/s/051-Sole-Patches.pdf
https://www.davidalfredbywaters.com/s/052-Crosswordese-Cavalcade.puz	static/s/052-Crosswordese-Cavalcade.puz
https://www.davidalfredbywaters.com/s/052-Crosswordese-Cavalcade.pdf	static/s/052-Crosswordese-Cavalcade.pdf
https://www.davidalfredbywaters.com/s/053-Carved-Turkey.puz	static/s/053-Carved-Turkey.puz
https://www.davidalfredbywaters.com/s/053-Carved-Turkey.pdf	static/s/053-Carved-Turkey.pdf
https://www.davidalfredbywaters.com/s/050-Experts-Nicknames.puz	static/s/050-Experts-Nicknames.puz
https://www.davidalfredbywaters.com/s/050-Experts-Nicknames.pdf	static/s/050-Experts-Nicknames.pdf
https://www.davidalfredbywaters.com/s/054-Northern-Cities-Vowel-Shift.puz	static/s/054-Northern-Cities-Vowel-Shift.puz
https://www.davidalfredbywaters.com/s/054-Northern-Cities-Vowel-Shift.pdf	static/s/054-Northern-Cities-Vowel-Shift.pdf
https://www.davidalfredbywaters.com/s/056-Di-Graphic-Language.puz	static/s/056-Di-Graphic-Language.puz
https://www.davidalfredbywaters.com/s/056-Di-Graphic-Language.pdf	static/s/056-Di-Graphic-Language.pdf
https://www.davidalfredbywaters.com/s/057-The-Worst-Crossword-Puzzle-Ever-Made.puz	static/s/057-The-Worst-Crossword-Puzzle-Ever-Made.puz
https://www.davidalfredbywaters.com/s/057-The-Worst-Crossword-Puzzle-Ever-Made.pdf	static/s/057-The-Worst-Crossword-Puzzle-Ever-Made.pdf
https://www.davidalfredbywaters.com/s/058-Accentuate-the-Positive.puz	static/s/058-Accentuate-the-Positive.puz
https://www.davidalfredbywaters.com/s/058-Accentuate-the-Positive.pdf	static/s/058-Accentuate-the-Positive.pdf
https://www.davidalfredbywaters.com/s/055-Monkey-in-the-Middle.puz	static/s/055-Monkey-in-the-Middle.puz
https://www.davidalfredbywaters.com/s/055-Monkey-in-the-Middle.pdf	static/s/055-Monkey-in-the-Middle.pdf
https://www.davidalfredbywaters.com/s/012-Spice-Rack.puz	static/s/012-Spice-Rack.puz
https://www.davidalfredbywaters.com/s/012-Spice-Rack.pdf	static/s/012-Spice-Rack.pdf
https://www.davidalfredbywaters.com/s/013-F-ing-L.puz	static/s/013-F-ing-L.puz
https://www.davidalfredbywaters.com/s/013-F-ing-L.pdf	static/s/013-F-ing-L.pdf
https://www.davidalfredbywaters.com/s/014-Knife-Fork-Spoonerisms.puz	static/s/014-Knife-Fork-Spoonerisms.puz
https://www.davidalfredbywaters.com/s/014-Knife-Fork-Spoonerisms.pdf	static/s/014-Knife-Fork-Spoonerisms.pdf
https://www.davidalfredbywaters.com/s/011-Oxymoronism.puz	static/s/011-Oxymoronism.puz
https://www.davidalfredbywaters.com/s/011-Oxymoronism.pdf	static/s/011-Oxymoronism.pdf
https://www.davidalfredbywaters.com/s/034-Its-Magic-No6.puz	static/s/034-Its-Magic-No6.puz
https://www.davidalfredbywaters.com/s/034-Its-Magic-No6.pdf	static/s/034-Its-Magic-No6.pdf
https://www.davidalfredbywaters.com/s/016-Ive-Been-Hacked.puz	static/s/016-Ive-Been-Hacked.puz
https://www.davidalfredbywaters.com/s/016-Ive-Been-Hacked.pdf	static/s/016-Ive-Been-Hacked.pdf
https://www.davidalfredbywaters.com/s/017-Social-Media-Uploads.puz	static/s/017-Social-Media-Uploads.puz
https://www.davidalfredbywaters.com/s/017-Social-Media-Uploads.pdf	static/s/017-Social-Media-Uploads.pdf
https://www.davidalfredbywaters.com/s/018-Spatial-Relations.puz	static/s/018-Spatial-Relations.puz
https://www.davidalfredbywaters.com/s/018-Spatial-Relations.pdf	static/s/018-Spatial-Relations.pdf
https://www.davidalfredbywaters.com/s/015-Family-Entertainment.puz	static/s/015-Family-Entertainment.puz
https://www.davidalfredbywaters.com/s/015-Family-Entertainment.pdf	static/s/015-Family-Entertainment.pdf
https://www.davidalfredbywaters.com/s/019-Easter-Ovoids.puz	static/s/019-Easter-Ovoids.puz
https://www.davidalfredbywaters.com/s/019-Easter-Ovoids.pdf	static/s/019-Easter-Ovoids.pdf
https://www.davidalfredbywaters.com/s/Six-French-Phrases-k2yp.pdf	static/s/Six-French-Phrases-k2yp.pdf
https://www.davidalfredbywaters.com/s/021-Cest-What.puz	static/s/021-Cest-What.puz
https://www.davidalfredbywaters.com/s/021-Cest-What.pdf	static/s/021-Cest-What.pdf
https://www.davidalfredbywaters.com/s/022-Me-Time.puz	static/s/022-Me-Time.puz
https://www.davidalfredbywaters.com/s/022-Me-Time.pdf	static/s/022-Me-Time.pdf
https://www.davidalfredbywaters.com/s/023-Separation-Anxiety.puz	static/s/023-Separation-Anxiety.puz
https://www.davidalfredbywaters.com/s/023-Separation-Anxiety.pdf	static/s/023-Separation-Anxiety.pdf
https://www.davidalfredbywaters.com/s/020-Superheroes.puz	static/s/020-Superheroes.puz
https://www.davidalfredbywaters.com/s/020-Superheroes.pdf	static/s/020-Superheroes.pdf
https://www.davidalfredbywaters.com/s/025-Motherhood.puz	static/s/025-Motherhood.puz
https://www.davidalfredbywaters.com/s/025-Motherhood.pdf	static/s/025-Motherhood.pdf
https://www.davidalfredbywaters.com/s/026-Rejection.puz	static/s/026-Rejection.puz
https://www.davidalfredbywaters.com/s/026-Rejection.pdf	static/s/026-Rejection.pdf
https://www.davidalfredbywaters.com/s/027-I-Drops-3lbj.puz	static/s/027-I-Drops-3lbj.puz
https://www.davidalfredbywaters.com/s/027-I-Drops.pdf	static/s/027-I-Drops.pdf
https://www.davidalfredbywaters.com/s/024-Say-It-With-Flowers.puz	static/s/024-Say-It-With-Flowers.puz
https://www.davidalfredbywaters.com/s/024-Say-It-With-Flowers.pdf	static/s/024-Say-It-With-Flowers.pdf
https://www.davidalfredbywaters.com/s/030-Its-Magic-No2.puz	static/s/030-Its-Magic-No2.puz
https://www.davidalfredbywaters.com/s/030-Its-Magic-No2.pdf	static/s/030-Its-Magic-No2.pdf
https://www.davidalfredbywaters.com/s/028-Poetic-Justice.puz	static/s/028-Poetic-Justice.puz
https://www.davidalfredbywaters.com/s/028-Poetic-Justice.pdf	static/s/028-Poetic-Justice.pdf
https://www.davidalfredbywaters.com/s/031-Its-Magic-No3.puz	static/s/031-Its-Magic-No3.puz
https://www.davidalfredbywaters.com/s/031-Its-Magic-No3.pdf	static/s/031-Its-Magic-No3.pdf
https://www.davidalfredbywaters.com/s/032-Its-Magic-No4.puz	static/s/032-Its-Magic-No4.puz
https://www.davidalfredbywaters.com/s/032-Its-Magic-No4.pdf	static/s/032-Its-Magic-No4.pdf
https://www.davidalfredbywaters.com/s/029-Its-Magic-No1.puz	static/s/029-Its-Magic-No1.puz
https://www.davidalfredbywaters.com/s/029-Its-Magic-No1.pdf	static/s/029-Its-Magic-No1.pdf
https://www.davidalfredbywaters.com/s/035-What-Goes-Around.puz	static/s/035-What-Goes-Around.puz
https://www.davidalfredbywaters.com/s/035-What-Goes-Around.pdf	static/s/035-What-Goes-Around.pdf
https://www.davidalfredbywaters.com/s/036-Resounding-Frauds-eb5m.puz	static/s/036-Resounding-Frauds-eb5m.puz
https://www.davidalfredbywaters.com/s/036-Resounding-Frauds-wxrl.pdf	static/s/036-Resounding-Frauds-wxrl.pdf
https://www.davidalfredbywaters.com/s/033-Its-Magic-No5.puz	static/s/033-Its-Magic-No5.puz
https://www.davidalfredbywaters.com/s/033-Its-Magic-No5.pdf	static/s/033-Its-Magic-No5.pdf
https://www.davidalfredbywaters.com/s/038-Thats-No-Way-To-Be-286p.puz	static/s/038-Thats-No-Way-To-Be-286p.puz
https://www.davidalfredbywaters.com/s/038-Thats-No-Way-To-Be-haal.pdf	static/s/038-Thats-No-Way-To-Be-haal.pdf
https://www.davidalfredbywaters.com/s/039-Shedding-Anxieties-Literally-r39e.puz	static/s/039-Shedding-Anxieties-Literally-r39e.puz
https://www.davidalfredbywaters.com/s/039-Shedding-Anxieties-Literally-fh8g.pdf	static/s/039-Shedding-Anxieties-Literally-fh8g.pdf
https://www.davidalfredbywaters.com/s/40-Double-Down.puz	static/s/40-Double-Down.puz
https://www.davidalfredbywaters.com/s/40-Double-Down.pdf	static/s/40-Double-Down.pdf
https://www.davidalfredbywaters.com/s/037-Pastoral-Paronomasia.puz	static/s/037-Pastoral-Paronomasia.puz
https://www.davidalfredbywaters.com/s/037-Pastoral-Paronomasia.pdf	static/s/037-Pastoral-Paronomasia.pdf
https://www.davidalfredbywaters.com/s/041-In-Absentia.puz	static/s/041-In-Absentia.puz
https://www.davidalfredbywaters.com/s/041-In-Absentia.pdf	static/s/041-In-Absentia.pdf
https://www.davidalfredbywaters.com/s/35vr8mbsl3vyfwslpok9uq9ed8tzaq	static/s/35vr8mbsl3vyfwslpok9uq9ed8tzaq
https://www.davidalfredbywaters.com/s/3am9cex25jtifa9ov0zd6pu6pr70dy	static/s/3am9cex25jtifa9ov0zd6pu6pr70dy
https://www.davidalfredbywaters.com/s/044-Its-Rigged-nssh.puz	static/s/044-Its-Rigged-nssh.puz
https://www.davidalfredbywaters.com/s/044-Its-Rigged-8cx4.pdf	static/s/044-Its-Rigged-8cx4.pdf
https://www.davidalfredbywaters.com/s/045-No-Matter-How-You-Slice-It-78yc.puz	static/s/045-No-Matter-How-You-Slice-It-78yc.puz
https://www.davidalfredbywaters.com/s/045-No-Matter-How-You-Slice-It-pzbg.pdf	static/s/045-No-Matter-How-You-Slice-It-pzbg.pdf
https://www.davidalfredbywaters.com/s/042-Call-a-Plumber.puz	static/s/042-Call-a-Plumber.puz
https://www.davidalfredbywaters.com/s/042-Call-a-Plumber.pdf	static/s/042-Call-a-Plumber.pdf
https://www.davidalfredbywaters.com/s/60-Hair-Lines.puz	static/s/60-Hair-Lines.puz
https://www.davidalfredbywaters.com/s/60-Hair-Lines.pdf	static/s/60-Hair-Lines.pdf
https://www.davidalfredbywaters.com/s/061-Inflation-ptt4.puz	static/s/061-Inflation-ptt4.puz
https://www.davidalfredbywaters.com/s/061-Inflation-cwzt.pdf	static/s/061-Inflation-cwzt.pdf
https://www.davidalfredbywaters.com/s/062-Leeds-wn3w.puz	static/s/062-Leeds-wn3w.puz
https://www.davidalfredbywaters.com/s/062-Leeds-be46.pdf	static/s/062-Leeds-be46.pdf
https://www.davidalfredbywaters.com/s/59-Aeration-fhd4.puz	static/s/59-Aeration-fhd4.puz
https://www.davidalfredbywaters.com/s/59-Aeration.pdf	static/s/59-Aeration.pdf
https://www.davidalfredbywaters.com/s/099-In-Deep.puz	static/s/099-In-Deep.puz
https://www.davidalfredbywaters.com/s/099-In-Deep.pdf	static/s/099-In-Deep.pdf
https://www.davidalfredbywaters.com/s/100-Centered.puz	static/s/100-Centered.puz
https://www.davidalfredbywaters.com/s/100-Centered.pdf	static/s/100-Centered.pdf
https://www.davidalfredbywaters.com/s/101-Another-Weakly-Crossword-rckn.puz	static/s/101-Another-Weakly-Crossword-rckn.puz
https://www.davidalfredbywaters.com/s/101-Another-Weakly-Crossword-w43x.pdf	static/s/101-Another-Weakly-Crossword-w43x.pdf
https://www.davidalfredbywaters.com/s/098-The-Herd-of-Independent-Minds-ck93.puz	static/s/098-The-Herd-of-Independent-Minds-ck93.puz
https://www.davidalfredbywaters.com/s/098-The-Herd-of-Independent-Minds-gw5c.pdf	static/s/098-The-Herd-of-Independent-Minds-gw5c.pdf
https://www.davidalfredbywaters.com/s/104-Another-Cavalcade-of-Crosswordese.puz	static/s/104-Another-Cavalcade-of-Crosswordese.puz
https://www.davidalfredbywaters.com/s/104-Another-Cavalcade-of-Crosswordese.pdf	static/s/104-Another-Cavalcade-of-Crosswordese.pdf
https://www.davidalfredbywaters.com/s/102-Its-Not-Just-for-Breakfast-Anymore.puz	static/s/102-Its-Not-Just-for-Breakfast-Anymore.puz
https://www.davidalfredbywaters.com/s/102-Its-Not-Just-for-Breakfast-Anymore.pdf	static/s/102-Its-Not-Just-for-Breakfast-Anymore.pdf
https://www.davidalfredbywaters.com/s/105-End-Times-s7ry.puz	static/s/105-End-Times-s7ry.puz
https://www.davidalfredbywaters.com/s/105-End-Times-ewh4.pdf	static/s/105-End-Times-ewh4.pdf
https://www.davidalfredbywaters.com/s/10-My-G-Generation.puz	static/s/10-My-G-Generation.puz
https://www.davidalfredbywaters.com/s/106-My-G-Generation.pdf	static/s/106-My-G-Generation.pdf
https://www.davidalfredbywaters.com/s/103-Wowee.puz	static/s/103-Wowee.puz
https://www.davidalfredbywaters.com/s/103-Wowee.pdf	static/s/103-Wowee.pdf
https://www.davidalfredbywaters.com/s/107-Inner-Lemons.puz	static/s/107-Inner-Lemons.puz
https://www.davidalfredbywaters.com/s/107-Inner-Lemons.pdf	static/s/107-Inner-Lemons.pdf
https://www.davidalfredbywaters.com/s/108-Secret-Transmission-y44d.puz	static/s/108-Secret-Transmission-y44d.puz
https://www.davidalfredbywaters.com/s/108-Secret-Transmission-8r8l.pdf	static/s/108-Secret-Transmission-8r8l.pdf
https://www.davidalfredbywaters.com/s/109-For-the-Present-jzph.puz	static/s/109-For-the-Present-jzph.puz
https://www.davidalfredbywaters.com/s/109-For-the-Present-j9yw.pdf	static/s/109-For-the-Present-j9yw.pdf
https://www.davidalfredbywaters.com/s/110-Southern-Drawl.puz	static/s/110-Southern-Drawl.puz
https://www.davidalfredbywaters.com/s/110-Southern-Drawl.pdf	static/s/110-Southern-Drawl.pdf
https://www.davidalfredbywaters.com/s/065-Trial-Runs.puz	static/s/065-Trial-Runs.puz
https://www.davidalfredbywaters.com/s/065-Trial-Runs.pdf	static/s/065-Trial-Runs.pdf
https://www.davidalfredbywaters.com/s/063-Groundhog-Wild-ylp9.puz	static/s/063-Groundhog-Wild-ylp9.puz
https://www.davidalfredbywaters.com/s/063-Groundhog-Wild-nzcc.pdf	static/s/063-Groundhog-Wild-nzcc.pdf
https://www.davidalfredbywaters.com/s/066-MultiPL-Choice.puz	static/s/066-MultiPL-Choice.puz
https://www.davidalfredbywaters.com/s/066-MultiPL-Choice.pdf	static/s/066-MultiPL-Choice.pdf
https://www.davidalfredbywaters.com/s/064-Direct-Addresses.puz	static/s/064-Direct-Addresses.puz
https://www.davidalfredbywaters.com/s/064-Direct-Addresses.pdf	static/s/064-Direct-Addresses.pdf
https://www.davidalfredbywaters.com/s/069-Technological-Innovations-rfnm.puz	static/s/069-Technological-Innovations-rfnm.puz
https://www.davidalfredbywaters.com/s/069-Technological-Innovations.pdf	static/s/069-Technological-Innovations.pdf
https://www.davidalfredbywaters.com/s/067-Doubling-Back.puz	static/s/067-Doubling-Back.puz
https://www.davidalfredbywaters.com/s/067-Doubling-Back.pdf	static/s/067-Doubling-Back.pdf
https://www.davidalfredbywaters.com/s/070-Need-for-Speed.puz	static/s/070-Need-for-Speed.puz
https://www.davidalfredbywaters.com/s/070-Need-for-Speed.pdf	static/s/070-Need-for-Speed.pdf
https://www.davidalfredbywaters.com/s/071-Reinterpretation.puz	static/s/071-Reinterpretation.puz
https://www.davidalfredbywaters.com/s/071-Reinterpretation.pdf	static/s/071-Reinterpretation.pdf
https://www.davidalfredbywaters.com/s/068-Ignis-Fatuus.puz	static/s/068-Ignis-Fatuus.puz
https://www.davidalfredbywaters.com/s/068-Ignis-Fatuus.pdf	static/s/068-Ignis-Fatuus.pdf
https://www.davidalfredbywaters.com/s/073-Ursine-Sprawl.puz	static/s/073-Ursine-Sprawl.puz
https://www.davidalfredbywaters.com/s/073-Ursine-Sprawl-x7cy.pdf	static/s/073-Ursine-Sprawl-x7cy.pdf
https://www.davidalfredbywaters.com/s/074-Literal-Quarantines.puz	static/s/074-Literal-Quarantines.puz
https://www.davidalfredbywaters.com/s/074-Literal-Quarantines.pdf	static/s/074-Literal-Quarantines.pdf
https://www.davidalfredbywaters.com/s/075-Stupid-New-Apple-Devices.puz	static/s/075-Stupid-New-Apple-Devices.puz
https://www.davidalfredbywaters.com/s/075-Stupid-New-Apple-Devices.pdf	static/s/075-Stupid-New-Apple-Devices.pdf
https://www.davidalfredbywaters.com/s/072-Ran-Amok.puz	static/s/072-Ran-Amok.puz
https://www.davidalfredbywaters.com/s/072-Ran-Amok.pdf	static/s/072-Ran-Amok.pdf
https://www.davidalfredbywaters.com/s/077-Omnia-Vincit-Clamor.puz	static/s/077-Omnia-Vincit-Clamor.puz
https://www.davidalfredbywaters.com/s/077-Omnia-Vincit-Clamor.pdf	static/s/077-Omnia-Vincit-Clamor.pdf
https://www.davidalfredbywaters.com/s/78-Laughing-on-the-Outside-Crying-on-the-Inside.puz	static/s/78-Laughing-on-the-Outside-Crying-on-the-Inside.puz
https://www.davidalfredbywaters.com/s/78-Laughing-on-the-Outside-Crying-on-the-Inside.pdf	static/s/78-Laughing-on-the-Outside-Crying-on-the-Inside.pdf
https://www.davidalfredbywaters.com/s/079-Whats-Past-is-Prologue-6bwf.puz	static/s/079-Whats-Past-is-Prologue-6bwf.puz
https://www.davidalfredbywaters.com/s/079-Whats-Past-is-Prologue-anxs.pdf	static/s/079-Whats-Past-is-Prologue-anxs.pdf
https://www.davidalfredbywaters.com/s/076-Hydration-wa7f.puz	static/s/076-Hydration-wa7f.puz
https://www.davidalfredbywaters.com/s/076-Hydration-86mw.pdf	static/s/076-Hydration-86mw.pdf
https://www.davidalfredbywaters.com/s/080-Parodies.puz	static/s/080-Parodies.puz
https://www.davidalfredbywaters.com/s/080-Parodies.pdf	static/s/080-Parodies.pdf
https://www.davidalfredbywaters.com/s/082-Prepositional-Profusion-Part-2.puz	static/s/082-Prepositional-Profusion-Part-2.puz
https://www.davidalfredbywaters.com/s/082-Prepositional-Profusion-Part-2.pdf	static/s/082-Prepositional-Profusion-Part-2.pdf
https://www.davidalfredbywaters.com/s/083-Prepositional-Profusion-Part-3.puz	static/s/083-Prepositional-Profusion-Part-3.puz
https://www.davidalfredbywaters.com/s/083-Prepositional-Profusion-Part-3.pdf	static/s/083-Prepositional-Profusion-Part-3.pdf
https://www.davidalfredbywaters.com/s/084-Prepositional-Profusion-Part-4.puz	static/s/084-Prepositional-Profusion-Part-4.puz
https://www.davidalfredbywaters.com/s/084-Prepositional-Profusion-Part-4.pdf	static/s/084-Prepositional-Profusion-Part-4.pdf
https://www.davidalfredbywaters.com/s/081-Prepositional-Profusion-Part-1.puz	static/s/081-Prepositional-Profusion-Part-1.puz
https://www.davidalfredbywaters.com/s/081-Prepositional-Profusion-Part-1.pdf	static/s/081-Prepositional-Profusion-Part-1.pdf
https://www.davidalfredbywaters.com/s/086-A-Few-Extracts.puz	static/s/086-A-Few-Extracts.puz
https://www.davidalfredbywaters.com/s/086-A-Few-Extracts.pdf	static/s/086-A-Few-Extracts.pdf
https://www.davidalfredbywaters.com/s/087-Going-Ape.puz	static/s/087-Going-Ape.puz
https://www.davidalfredbywaters.com/s/087-Going-Ape.pdf	static/s/087-Going-Ape.pdf
https://www.davidalfredbywaters.com/s/088-Made-or-Marred.puz	static/s/088-Made-or-Marred.puz
https://www.davidalfredbywaters.com/s/088-Made-or-Marred.pdf	static/s/088-Made-or-Marred.pdf
https://www.davidalfredbywaters.com/s/085-Quadruply-Absorbent-wl4f.puz	static/s/085-Quadruply-Absorbent-wl4f.puz
https://www.davidalfredbywaters.com/s/085-Quadruply-Absorbent-8hk4.pdf	static/s/085-Quadruply-Absorbent-8hk4.pdf
https://www.davidalfredbywaters.com/s/090-Classic-Landscape.puz	static/s/090-Classic-Landscape.puz
https://www.davidalfredbywaters.com/s/090-Classic-Landscape.pdf	static/s/090-Classic-Landscape.pdf
https://www.davidalfredbywaters.com/s/91-Lost-Arts.puz	static/s/91-Lost-Arts.puz
https://www.davidalfredbywaters.com/s/91-Lost-Arts.pdf	static/s/91-Lost-Arts.pdf
https://www.davidalfredbywaters.com/s/092-Animal-Riddles-7fsn.puz	static/s/092-Animal-Riddles-7fsn.puz
https://www.davidalfredbywaters.com/s/092-Animal-Riddles.pdf	static/s/092-Animal-Riddles.pdf
https://www.davidalfredbywaters.com/s/089-Its-No-Utes-xl2p.puz	static/s/089-Its-No-Utes-xl2p.puz
https://www.davidalfredbywaters.com/s/089-Its-No-Utes-s6d8.pdf	static/s/089-Its-No-Utes-s6d8.pdf
https://www.davidalfredbywaters.com/s/093-Success-Stories.puz	static/s/093-Success-Stories.puz
https://www.davidalfredbywaters.com/s/093-Success-Stories.pdf	static/s/093-Success-Stories.pdf
https://www.davidalfredbywaters.com/s/095-Anntheme-e73w.puz	static/s/095-Anntheme-e73w.puz
https://www.davidalfredbywaters.com/s/096-As-Ye-Sow-So-Shall-Ye-Reap-c77b.puz	static/s/096-As-Ye-Sow-So-Shall-Ye-Reap-c77b.puz
https://www.davidalfredbywaters.com/s/096-As-Ye-Sow-So-Shall-Ye-Reap-zmwh.pdf	static/s/096-As-Ye-Sow-So-Shall-Ye-Reap-zmwh.pdf
https://www.davidalfredbywaters.com/s/097-Nondairy-Substitutes.puz	static/s/097-Nondairy-Substitutes.puz
https://www.davidalfredbywaters.com/s/097-Nondairy-Substitutes.pdf	static/s/097-Nondairy-Substitutes.pdf
https://www.davidalfredbywaters.com/s/094-Ear-Tags-mjwy.puz	static/s/094-Ear-Tags-mjwy.puz
https://www.davidalfredbywaters.com/s/094-Ear-Tags-6c8a.pdf	static/s/094-Ear-Tags-6c8a.pdf
https://www.davidalfredbywaters.com/s/112-Raising-L.puz	static/s/112-Raising-L.puz
https://www.davidalfredbywaters.com/s/112-Raising-L.pdf	static/s/112-Raising-L.pdf
https://www.davidalfredbywaters.com/s/113-Can-You-Fill-This-Out.puz	static/s/113-Can-You-Fill-This-Out.puz
https://www.davidalfredbywaters.com/s/113-Can-You-Fill-This-Out.pdf	static/s/113-Can-You-Fill-This-Out.pdf
https://www.davidalfredbywaters.com/s/114-Making-the-Worst-of-Things.puz	static/s/114-Making-the-Worst-of-Things.puz
https://www.davidalfredbywaters.com/s/114-Making-the-Worst-of-Things.pdf	static/s/114-Making-the-Worst-of-Things.pdf
https://www.davidalfredbywaters.com/s/111-End-Illiteracy.puz	static/s/111-End-Illiteracy.puz
https://www.davidalfredbywaters.com/s/111-End-Illiteracy.pdf	static/s/111-End-Illiteracy.pdf
https://www.davidalfredbywaters.com/s/151-Changing-for-Dinner-jg5j.puz	static/s/151-Changing-for-Dinner-jg5j.puz
https://www.davidalfredbywaters.com/s/151-Changing-for-Dinner-asc4.pdf	static/s/151-Changing-for-Dinner-asc4.pdf
https://www.davidalfredbywaters.com/s/152-What-a-Boring-Theme.puz	static/s/152-What-a-Boring-Theme.puz
https://www.davidalfredbywaters.com/s/152-What-a-Boring-Theme.pdf	static/s/152-What-a-Boring-Theme.pdf
https://www.davidalfredbywaters.com/s/153-Clothes-Down.puz	static/s/153-Clothes-Down.puz
https://www.davidalfredbywaters.com/s/153-Clothes-Down.pdf	static/s/153-Clothes-Down.pdf
https://www.davidalfredbywaters.com/s/150-Richly-Arrayed.puz	static/s/150-Richly-Arrayed.puz
https://www.davidalfredbywaters.com/s/150-Richly-Arrayed.pdf	static/s/150-Richly-Arrayed.pdf
https://www.davidalfredbywaters.com/s/154-Nicknames.puz	static/s/154-Nicknames.puz
https://www.davidalfredbywaters.com/s/154-Nicknames.pdf	static/s/154-Nicknames.pdf
https://www.davidalfredbywaters.com/s/156-Yet-Another-Cavalcade-of-Crosswordese-gdsb.puz	static/s/156-Yet-Another-Cavalcade-of-Crosswordese-gdsb.puz
https://www.davidalfredbywaters.com/s/156-Yet-Another-Cavalcade-of-Crosswordese-3djb.pdf	static/s/156-Yet-Another-Cavalcade-of-Crosswordese-3djb.pdf
https://www.davidalfredbywaters.com/s/157-Not-Going-Anywhere-nz4g.puz	static/s/157-Not-Going-Anywhere-nz4g.puz
https://www.davidalfredbywaters.com/s/157-Not-Going-Anywhere.pdf	static/s/157-Not-Going-Anywhere.pdf
https://www.davidalfredbywaters.com/s/158-Can-You-Reframe-the-Question.puz	static/s/158-Can-You-Reframe-the-Question.puz
https://www.davidalfredbywaters.com/s/158-Can-You-Reframe-the-Question.pdf	static/s/158-Can-You-Reframe-the-Question.pdf
https://www.davidalfredbywaters.com/s/155-Pull-Out-All-the-Stops.puz	static/s/155-Pull-Out-All-the-Stops.puz
https://www.davidalfredbywaters.com/s/155-Pull-Out-All-the-Stops.pdf	static/s/155-Pull-Out-All-the-Stops.pdf
https://www.davidalfredbywaters.com/s/160-Ole-253g.puz	static/s/160-Ole-253g.puz
https://www.davidalfredbywaters.com/s/160-Ole-spkf.pdf	static/s/160-Ole-spkf.pdf
https://www.davidalfredbywaters.com/s/161-Noels-6zmy.puz	static/s/161-Noels-6zmy.puz
https://www.davidalfredbywaters.com/s/161-Noels-e9xs.pdf	static/s/161-Noels-e9xs.pdf
https://www.davidalfredbywaters.com/s/162-Editorial-Changes.puz	static/s/162-Editorial-Changes.puz
https://www.davidalfredbywaters.com/s/162-Editorial-Changes.pdf	static/s/162-Editorial-Changes.pdf
https://www.davidalfredbywaters.com/s/159-Not-According-to-Hoyle.puz	static/s/159-Not-According-to-Hoyle.puz
https://www.davidalfredbywaters.com/s/159-Not-According-to-Hoyle.pdf	static/s/159-Not-According-to-Hoyle.pdf
https://www.davidalfredbywaters.com/s/115-Raptor-Riot.puz	static/s/115-Raptor-Riot.puz
https://www.davidalfredbywaters.com/s/115-Raptor-Riot.pdf	static/s/115-Raptor-Riot.pdf
https://www.davidalfredbywaters.com/s/Cobban-The-Golden-Tooth-1901.pdf	static/s/Cobban-The-Golden-Tooth-1901.pdf
https://www.davidalfredbywaters.com/s/117-A-Miss-is-as-Good-as-a-Mile-elpp.puz	static/s/117-A-Miss-is-as-Good-as-a-Mile-elpp.puz
https://www.davidalfredbywaters.com/s/117-A-Miss-is-as-Good-as-a-Mile-j79r.pdf	static/s/117-A-Miss-is-as-Good-as-a-Mile-j79r.pdf
https://www.davidalfredbywaters.com/s/118-Conjunction-Conversion-l2we.puz	static/s/118-Conjunction-Conversion-l2we.puz
https://www.davidalfredbywaters.com/s/118-Conjunction-Conversion-57a9.pdf	static/s/118-Conjunction-Conversion-57a9.pdf
https://www.davidalfredbywaters.com/s/119-Breathless.puz	static/s/119-Breathless.puz
https://www.davidalfredbywaters.com/s/119-Breathless.pdf	static/s/119-Breathless.pdf
https://www.davidalfredbywaters.com/s/116-Demilitarization.puz	static/s/116-Demilitarization.puz
https://www.davidalfredbywaters.com/s/116-Demilitarization.pdf	static/s/116-Demilitarization.pdf
https://www.davidalfredbywaters.com/s/121-Going-Going-Gone-8sct.puz	static/s/121-Going-Going-Gone-8sct.puz
https://www.davidalfredbywaters.com/s/121-Going-Going-Gone-95sy.pdf	static/s/121-Going-Going-Gone-95sy.pdf
https://www.davidalfredbywaters.com/s/122-Estrangement.puz	static/s/122-Estrangement.puz
https://www.davidalfredbywaters.com/s/122-Estrangement.pdf	static/s/122-Estrangement.pdf
https://www.davidalfredbywaters.com/s/123-The-Seventies.puz	static/s/123-The-Seventies.puz
https://www.davidalfredbywaters.com/s/123-The-Seventies.pdf	static/s/123-The-Seventies.pdf
https://www.davidalfredbywaters.com/s/120-Whirled-Piece-7577.puz	static/s/120-Whirled-Piece-7577.puz
https://www.davidalfredbywaters.com/s/120-Whirled-Piece-kway.pdf	static/s/120-Whirled-Piece-kway.pdf
https://www.davidalfredbywaters.com/s/125-E-Emotion.puz	static/s/125-E-Emotion.puz
https://www.davidalfredbywaters.com/s/125-E-Emotion.pdf	static/s/125-E-Emotion.pdf
https://www.davidalfredbywaters.com/s/126-Why-Because-I-Said-So.puz	static/s/126-Why-Because-I-Said-So.puz
https://www.davidalfredbywaters.com/s/126-Why-Because-I-Said-So.pdf	static/s/126-Why-Because-I-Said-So.pdf
https://www.davidalfredbywaters.com/s/127-Theres-Something-Fishy-In-Here.puz	static/s/127-Theres-Something-Fishy-In-Here.puz
https://www.davidalfredbywaters.com/s/127-Theres-Something-Fishy-In-Here.pdf	static/s/127-Theres-Something-Fishy-In-Here.pdf
https://www.davidalfredbywaters.com/s/124-Pronominal-Paronomasia.puz	static/s/124-Pronominal-Paronomasia.puz
https://www.davidalfredbywaters.com/s/124-Pronominal-Paronomasia.pdf	static/s/124-Pronominal-Paronomasia.pdf
https://www.davidalfredbywaters.com/s/130-Eat-Your-Vegetables.puz	static/s/130-Eat-Your-Vegetables.puz
https://www.davidalfredbywaters.com/s/130-Eat-Your-Vegetables.pdf	static/s/130-Eat-Your-Vegetables.pdf
https://www.davidalfredbywaters.com/s/143-PR-Issues.puz	static/s/143-PR-Issues.puz
https://www.davidalfredbywaters.com/s/143-PR-Issues.pdf	static/s/143-PR-Issues.pdf
https://www.davidalfredbywaters.com/s/128-Midwestern-Adaptations-of-Classic-Novels-6mbc.puz	static/s/128-Midwestern-Adaptations-of-Classic-Novels-6mbc.puz
https://www.davidalfredbywaters.com/s/128-Midwestern-Adaptations-of-Classic-Novels-j9w5.pdf	static/s/128-Midwestern-Adaptations-of-Classic-Novels-j9w5.pdf
https://www.davidalfredbywaters.com/s/131-Exchange-Rate.puz	static/s/131-Exchange-Rate.puz
https://www.davidalfredbywaters.com/s/131-Exchange-Rate.pdf	static/s/131-Exchange-Rate.pdf
https://www.davidalfredbywaters.com/s/132-Crossed-Words.puz	static/s/132-Crossed-Words.puz
https://www.davidalfredbywaters.com/s/132-Crossed-Words.pdf	static/s/132-Crossed-Words.pdf
https://www.davidalfredbywaters.com/s/129-Self-Centered-lxj3.puz	static/s/129-Self-Centered-lxj3.puz
https://www.davidalfredbywaters.com/s/129-Self-Centered-rnxm.pdf	static/s/129-Self-Centered-rnxm.pdf
https://www.davidalfredbywaters.com/s/134-Order-in-the-Court.puz	static/s/134-Order-in-the-Court.puz
https://www.davidalfredbywaters.com/s/134-Order-in-the-Court.pdf	static/s/134-Order-in-the-Court.pdf
https://www.davidalfredbywaters.com/s/135-Decomposition-emy4.puz	static/s/135-Decomposition-emy4.puz
https://www.davidalfredbywaters.com/s/135-Decomposition-7rdz.pdf	static/s/135-Decomposition-7rdz.pdf
https://www.davidalfredbywaters.com/s/136-Defeat.puz	static/s/136-Defeat.puz
https://www.davidalfredbywaters.com/s/136-Defeat.pdf	static/s/136-Defeat.pdf
https://www.davidalfredbywaters.com/s/133-Literal-Stem-Winding-n53d.puz	static/s/133-Literal-Stem-Winding-n53d.puz
https://www.davidalfredbywaters.com/s/133-Literal-Stem-Winding-4egs.pdf	static/s/133-Literal-Stem-Winding-4egs.pdf
https://www.davidalfredbywaters.com/s/138-Fowl-Fill-5ep9.puz	static/s/138-Fowl-Fill-5ep9.puz
https://www.davidalfredbywaters.com/s/138-Fowl-Fill-fxjd.pdf	static/s/138-Fowl-Fill-fxjd.pdf
https://www.davidalfredbywaters.com/s/139-Inner-Planets.puz	static/s/139-Inner-Planets.puz
https://www.davidalfredbywaters.com/s/139-Inner-Planets.pdf	static/s/139-Inner-Planets.pdf
https://www.davidalfredbywaters.com/s/140-Beaten-Down.puz	static/s/140-Beaten-Down.puz
https://www.davidalfredbywaters.com/s/140-Beaten-Down-4ybk.pdf	static/s/140-Beaten-Down-4ybk.pdf
https://www.davidalfredbywaters.com/s/137-Decease.puz	static/s/137-Decease.puz
https://www.davidalfredbywaters.com/s/137-Decease.pdf	static/s/137-Decease.pdf
https://www.davidalfredbywaters.com/s/141-Middle-Class.puz	static/s/141-Middle-Class.puz
https://www.davidalfredbywaters.com/s/141-Middle-Class.pdf	static/s/141-Middle-Class.pdf
https://www.davidalfredbywaters.com/s/144-Last-In-First-Out.puz	static/s/144-Last-In-First-Out.puz
https://www.davidalfredbywaters.com/s/144-Last-In-First-Out.pdf	static/s/144-Last-In-First-Out.pdf
https://www.davidalfredbywaters.com/s/145-And-Theres-More.puz	static/s/145-And-Theres-More.puz
https://www.davidalfredbywaters.com/s/145-And-Theres-More.pdf	static/s/145-And-Theres-More.pdf
https://www.davidalfredbywaters.com/s/142-Like-Fine-Wine.puz	static/s/142-Like-Fine-Wine.puz
https://www.davidalfredbywaters.com/s/142-Like-Fine-Wine-h2bh.pdf	static/s/142-Like-Fine-Wine-h2bh.pdf
https://www.davidalfredbywaters.com/s/147-International-Misunderstanding-g2f2.puz	static/s/147-International-Misunderstanding-g2f2.puz
https://www.davidalfredbywaters.com/s/147-International-Misunderstanding-kbcd.pdf	static/s/147-International-Misunderstanding-kbcd.pdf
https://www.davidalfredbywaters.com/s/148-Eye-Movement-h25l.puz	static/s/148-Eye-Movement-h25l.puz
https://www.davidalfredbywaters.com/s/148-Eye-Movement-6rge.pdf	static/s/148-Eye-Movement-6rge.pdf
https://www.davidalfredbywaters.com/s/149-Broken-Down.puz	static/s/149-Broken-Down.puz
https://www.davidalfredbywaters.com/s/149-Broken-Down.pdf	static/s/149-Broken-Down.pdf
https://www.davidalfredbywaters.com/s/146-PPO-f3da.puz	static/s/146-PPO-f3da.puz
https://www.davidalfredbywaters.com/s/146-PPO-web3.pdf	static/s/146-PPO-web3.pdf
https://www.davidalfredbywaters.com/s/165-Last-in-Line.puz	static/s/165-Last-in-Line.puz
https://www.davidalfredbywaters.com/s/165-Last-in-Line.pdf	static/s/165-Last-in-Line.pdf
https://www.davidalfredbywaters.com/s/163-P-P-Puns.puz	static/s/163-P-P-Puns.puz
https://www.davidalfredbywaters.com/s/163-P-P-Puns.pdf	static/s/163-P-P-Puns.pdf
https://www.davidalfredbywaters.com/s/166-The-Latest-Reports.puz	static/s/166-The-Latest-Reports.puz
https://www.davidalfredbywaters.com/s/166-The-Latest-Reports.pdf	static/s/166-The-Latest-Reports.pdf
https://www.davidalfredbywaters.com/s/167-Power-Plugs-8h53.puz	static/s/167-Power-Plugs-8h53.puz
https://www.davidalfredbywaters.com/s/167-Power-Plugs-4h55.pdf	static/s/167-Power-Plugs-4h55.pdf
https://www.davidalfredbywaters.com/s/164-Hiding-Places-7h7r.puz	static/s/164-Hiding-Places-7h7r.puz
https://www.davidalfredbywaters.com/s/164-Hiding-Places-lpj4.pdf	static/s/164-Hiding-Places-lpj4.pdf
https://www.davidalfredbywaters.com/s/204-Afterthoughts.puz	static/s/204-Afterthoughts.puz
https://www.davidalfredbywaters.com/s/204-Afterthoughts.pdf	static/s/204-Afterthoughts.pdf
https://www.davidalfredbywaters.com/s/202-Aw-How-Cute.puz	static/s/202-Aw-How-Cute.puz
https://www.davidalfredbywaters.com/s/202-Aw-How-Cute.pdf	static/s/202-Aw-How-Cute.pdf
https://www.davidalfredbywaters.com/s/205-Just-Wing-It.puz	static/s/205-Just-Wing-It.puz
https://www.davidalfredbywaters.com/s/205-Just-Wing-It.pdf	static/s/205-Just-Wing-It.pdf
https://www.davidalfredbywaters.com/s/206-Who-Let-All-These-Men-in-Here.puz	static/s/206-Who-Let-All-These-Men-in-Here.puz
https://www.davidalfredbywaters.com/s/206-Who-Let-All-These-Men-in-Here-feh6.puz	static/s/206-Who-Let-All-These-Men-in-Here-feh6.puz
https://www.davidalfredbywaters.com/s/206-Who-Let-All-These-Men-in-Here-5ele.pdf	static/s/206-Who-Let-All-These-Men-in-Here-5ele.pdf
https://www.davidalfredbywaters.com/s/203-To-My-Chagrin.puz	static/s/203-To-My-Chagrin.puz
https://www.davidalfredbywaters.com/s/203-To-My-Chagrin.pdf	static/s/203-To-My-Chagrin.pdf
https://www.davidalfredbywaters.com/s/208-Cavalcade-of-Crosswordese-IV.puz	static/s/208-Cavalcade-of-Crosswordese-IV.puz
https://www.davidalfredbywaters.com/s/208-Cavalcade-of-Crosswordese-IV.pdf	static/s/208-Cavalcade-of-Crosswordese-IV.pdf
https://www.davidalfredbywaters.com/s/209-Plant-Openings-lh9p.puz	static/s/209-Plant-Openings-lh9p.puz
https://www.davidalfredbywaters.com/s/209-Plant-Openings-mjeb.pdf	static/s/209-Plant-Openings-mjeb.pdf
https://www.davidalfredbywaters.com/s/210-Striptease-7ndz.puz	static/s/210-Striptease-7ndz.puz
https://www.davidalfredbywaters.com/s/210-Striptease-b9ag.pdf	static/s/210-Striptease-b9ag.pdf
https://www.davidalfredbywaters.com/s/207-Dynamic-Range-Compression.puz	static/s/207-Dynamic-Range-Compression.puz
https://www.davidalfredbywaters.com/s/207-Dynamic-Range-Compression.pdf	static/s/207-Dynamic-Range-Compression.pdf
https://www.davidalfredbywaters.com/s/212-An-Edifying-Crossword.puz	static/s/212-An-Edifying-Crossword.puz
https://www.davidalfredbywaters.com/s/212-An-Edifying-Crossword.pdf	static/s/212-An-Edifying-Crossword.pdf
https://www.davidalfredbywaters.com/s/213-Yes.puz	static/s/213-Yes.puz
https://www.davidalfredbywaters.com/s/213-Yes.pdf	static/s/213-Yes.pdf
https://www.davidalfredbywaters.com/s/214-Lets-Go-Carolling.puz	static/s/214-Lets-Go-Carolling.puz
https://www.davidalfredbywaters.com/s/214-Lets-Go-Carolling.pdf	static/s/214-Lets-Go-Carolling.pdf
https://www.davidalfredbywaters.com/s/211-Processed-Food.puz	static/s/211-Processed-Food.puz
https://www.davidalfredbywaters.com/s/211-Processed-Food.pdf	static/s/211-Processed-Food.pdf
https://www.davidalfredbywaters.com/s/169-Triple-Play.puz	static/s/169-Triple-Play.puz
https://www.davidalfredbywaters.com/s/169-Triple-Play.pdf	static/s/169-Triple-Play.pdf
https://www.davidalfredbywaters.com/s/170-Beastly-Puns.puz	static/s/170-Beastly-Puns.puz
https://www.davidalfredbywaters.com/s/170-Beastly-Puns.pdf	static/s/170-Beastly-Puns.pdf
https://www.davidalfredbywaters.com/s/171-Inner-City-4fkx.puz	static/s/171-Inner-City-4fkx.puz
https://www.davidalfredbywaters.com/s/171-Inner-City-99yj.pdf	static/s/171-Inner-City-99yj.pdf
https://www.davidalfredbywaters.com/s/168-MP5.puz	static/s/168-MP5.puz
https://www.davidalfredbywaters.com/s/168-MP5.pdf	static/s/168-MP5.pdf
https://www.davidalfredbywaters.com/s/173-Faulty-Instrument-Panel.puz	static/s/173-Faulty-Instrument-Panel.puz
https://www.davidalfredbywaters.com/s/173-Faulty-Instrument-Panel.pdf	static/s/173-Faulty-Instrument-Panel.pdf
https://www.davidalfredbywaters.com/s/174-Is-It-In-Or-Isnt-It-2drt.puz	static/s/174-Is-It-In-Or-Isnt-It-2drt.puz
https://www.davidalfredbywaters.com/s/174-Is-It-In-Or-Isnt-It-r6gx.pdf	static/s/174-Is-It-In-Or-Isnt-It-r6gx.pdf
https://www.davidalfredbywaters.com/s/175-Chariot.puz	static/s/175-Chariot.puz
https://www.davidalfredbywaters.com/s/175-Chariot.pdf	static/s/175-Chariot.pdf
https://www.davidalfredbywaters.com/s/172-Suburban-Sprawl.puz	static/s/172-Suburban-Sprawl.puz
https://www.davidalfredbywaters.com/s/172-Suburban-Sprawl.pdf	static/s/172-Suburban-Sprawl.pdf
https://www.davidalfredbywaters.com/s/177-Coming-in-Last.puz	static/s/177-Coming-in-Last.puz
https://www.davidalfredbywaters.com/s/177-Coming-in-Last.pdf	static/s/177-Coming-in-Last.pdf
https://www.davidalfredbywaters.com/s/178-Thats-Thats.puz	static/s/178-Thats-Thats.puz
https://www.davidalfredbywaters.com/s/178-Thats-Thats.pdf	static/s/178-Thats-Thats.pdf
https://www.davidalfredbywaters.com/s/179-Midwestern-State-Sponsored-Terror.puz	static/s/179-Midwestern-State-Sponsored-Terror.puz
https://www.davidalfredbywaters.com/s/179-Midwestern-State-Sponsored-Terror.pdf	static/s/179-Midwestern-State-Sponsored-Terror.pdf
https://www.davidalfredbywaters.com/s/176-Parliamentary-Divisions.puz	static/s/176-Parliamentary-Divisions.puz
https://www.davidalfredbywaters.com/s/176-Parliamentary-Divisions.pdf	static/s/176-Parliamentary-Divisions.pdf
https://www.davidalfredbywaters.com/s/180-Globalization.puz	static/s/180-Globalization.puz
https://www.davidalfredbywaters.com/s/180-Globalization.pdf	static/s/180-Globalization.pdf
https://www.davidalfredbywaters.com/s/182-Extraordinary-Cooperation.puz	static/s/182-Extraordinary-Cooperation.puz
https://www.davidalfredbywaters.com/s/182-Extraordinary-Cooperation.pdf	static/s/182-Extraordinary-Cooperation.pdf
https://www.davidalfredbywaters.com/s/183-Um.puz	static/s/183-Um.puz
https://www.davidalfredbywaters.com/s/183-Um.pdf	static/s/183-Um.pdf
https://www.davidalfredbywaters.com/s/184-On-End.puz	static/s/184-On-End.puz
https://www.davidalfredbywaters.com/s/184-On-End.pdf	static/s/184-On-End.pdf
https://www.davidalfredbywaters.com/s/181-Digital-Waste.puz	static/s/181-Digital-Waste.puz
https://www.davidalfredbywaters.com/s/181-Digital-Waste.pdf	static/s/181-Digital-Waste.pdf
https://www.davidalfredbywaters.com/s/186-In-Group.puz	static/s/186-In-Group.puz
https://www.davidalfredbywaters.com/s/186-In-Group.pdf	static/s/186-In-Group.pdf
https://www.davidalfredbywaters.com/s/187-Irregular-Armies.puz	static/s/187-Irregular-Armies.puz
https://www.davidalfredbywaters.com/s/187-Irregular-Armies.pdf	static/s/187-Irregular-Armies.pdf
https://www.davidalfredbywaters.com/s/188-Ah-Ha.puz	static/s/188-Ah-Ha.puz
https://www.davidalfredbywaters.com/s/188-Ah-Ha.pdf	static/s/188-Ah-Ha.pdf
https://www.davidalfredbywaters.com/s/185-Taking-the-Easy-Way-Out.puz	static/s/185-Taking-the-Easy-Way-Out.puz
https://www.davidalfredbywaters.com/s/185-Taking-the-Easy-Way-Out.pdf	static/s/185-Taking-the-Easy-Way-Out.pdf
https://www.davidalfredbywaters.com/s/190-Hoo-Ha.puz	static/s/190-Hoo-Ha.puz
https://www.davidalfredbywaters.com/s/190-Hoo-Ha.pdf	static/s/190-Hoo-Ha.pdf
https://www.davidalfredbywaters.com/s/191-Ha-Ha-8zhj.puz	static/s/191-Ha-Ha-8zhj.puz
https://www.davidalfredbywaters.com/s/191-Ha-Ha-xylx.pdf	static/s/191-Ha-Ha-xylx.pdf
https://www.davidalfredbywaters.com/s/192-Inner-Sancta.puz	static/s/192-Inner-Sancta.puz
https://www.davidalfredbywaters.com/s/192-Inner-Sancta.pdf	static/s/192-Inner-Sancta.pdf
https://www.davidalfredbywaters.com/s/189-Yee-Ha.puz	static/s/189-Yee-Ha.puz
https://www.davidalfredbywaters.com/s/189-Yee-Ha.pdf	static/s/189-Yee-Ha.pdf
https://www.davidalfredbywaters.com/s/193-Identity-Crisis.puz	static/s/193-Identity-Crisis.puz
https://www.davidalfredbywaters.com/s/193-Identity-Crisis.pdf	static/s/193-Identity-Crisis.pdf
https://www.davidalfredbywaters.com/s/195-Odd-Numbers.puz	static/s/195-Odd-Numbers.puz
https://www.davidalfredbywaters.com/s/195-Odd-Numbers.pdf	static/s/195-Odd-Numbers.pdf
https://www.davidalfredbywaters.com/s/196-Side-Effects.puz	static/s/196-Side-Effects.puz
https://www.davidalfredbywaters.com/s/196-Side-Effects.pdf	static/s/196-Side-Effects.pdf
https://www.davidalfredbywaters.com/s/197-Neither-In-Nor-Out.puz	static/s/197-Neither-In-Nor-Out.puz
https://www.davidalfredbywaters.com/s/197-Neither-In-Nor-Out.pdf	static/s/197-Neither-In-Nor-Out.pdf
https://www.davidalfredbywaters.com/s/194-A-Do-or-Die-Situation-wzbs.puz	static/s/194-A-Do-or-Die-Situation-wzbs.puz
https://www.davidalfredbywaters.com/s/194-A-Do-or-Die-Situation-x8jl.pdf	static/s/194-A-Do-or-Die-Situation-x8jl.pdf
https://www.davidalfredbywaters.com/s/199-Breakers-Ahead.puz	static/s/199-Breakers-Ahead.puz
https://www.davidalfredbywaters.com/s/199-Breakers-Ahead.pdf	static/s/199-Breakers-Ahead.pdf
https://www.davidalfredbywaters.com/s/200-Something-To-See-crr4.puz	static/s/200-Something-To-See-crr4.puz
https://www.davidalfredbywaters.com/s/200-Something-To-See-4red.pdf	static/s/200-Something-To-See-4red.pdf
https://www.davidalfredbywaters.com/s/201-Pismo-Batch.puz	static/s/201-Pismo-Batch.puz
https://www.davidalfredbywaters.com/s/201-Pismo-Batch.pdf	static/s/201-Pismo-Batch.pdf
https://www.davidalfredbywaters.com/s/198-Lets-Have-a-Good-Cry.puz	static/s/198-Lets-Have-a-Good-Cry.puz
https://www.davidalfredbywaters.com/s/198-Lets-Have-a-Good-Cry.pdf	static/s/198-Lets-Have-a-Good-Cry.pdf
https://www.davidalfredbywaters.com/s/215-At-First-g8gt.puz	static/s/215-At-First-g8gt.puz
https://www.davidalfredbywaters.com/s/215-At-First-xlg5.pdf	static/s/215-At-First-xlg5.pdf
https://www.davidalfredbywaters.com/s/217-Birding.puz	static/s/217-Birding.puz
https://www.davidalfredbywaters.com/s/217-Birding.pdf	static/s/217-Birding.pdf
https://www.davidalfredbywaters.com/s/218-Amen-Ra-4ws8.puz	static/s/218-Amen-Ra-4ws8.puz
https://www.davidalfredbywaters.com/s/218-Amen-Ra-lty3.pdf	static/s/218-Amen-Ra-lty3.pdf
https://www.davidalfredbywaters.com/s/219-Naval-Center.puz	static/s/219-Naval-Center.puz
https://www.davidalfredbywaters.com/s/219-Naval-Center.pdf	static/s/219-Naval-Center.pdf
https://www.davidalfredbywaters.com/s/Thomas-Cobb-Mrs-Lathams-Extravagance-1915-A.pdf	static/s/Thomas-Cobb-Mrs-Lathams-Extravagance-1915-A.pdf
https://www.davidalfredbywaters.com/s/Thomas-Cobb-Mrs-Lathams-Extravagance-1915-B.pdf	static/s/Thomas-Cobb-Mrs-Lathams-Extravagance-1915-B.pdf
https://www.davidalfredbywaters.com/s/216-Played-Around.puz	static/s/216-Played-Around.puz
https://www.davidalfredbywaters.com/s/216-Played-Around.pdf	static/s/216-Played-Around.pdf
https://www.davidalfredbywaters.com/s/254-Seeking-Adventure.puz	static/s/254-Seeking-Adventure.puz
https://www.davidalfredbywaters.com/s/254-Seeking-Adventure.pdf	static/s/254-Seeking-Adventure.pdf
https://www.davidalfredbywaters.com/s/256-Think-Ahead.puz	static/s/256-Think-Ahead.puz
https://www.davidalfredbywaters.com/s/256-Think-Ahead.pdf	static/s/256-Think-Ahead.pdf
https://www.davidalfredbywaters.com/s/257-Unqualified-jg9w.puz	static/s/257-Unqualified-jg9w.puz
https://www.davidalfredbywaters.com/s/257-Unqualified-gpzt.pdf	static/s/257-Unqualified-gpzt.pdf
https://www.davidalfredbywaters.com/s/258-Ghostracized.puz	static/s/258-Ghostracized.puz
https://www.davidalfredbywaters.com/s/258-Ghostracized.pdf	static/s/258-Ghostracized.pdf
https://www.davidalfredbywaters.com/s/255-New-Replacements.puz	static/s/255-New-Replacements.puz
https://www.davidalfredbywaters.com/s/255-New-Replacements.pdf	static/s/255-New-Replacements.pdf
https://www.davidalfredbywaters.com/s/260-Double-Duties.puz	static/s/260-Double-Duties.puz
https://www.davidalfredbywaters.com/s/260-Double-Duties.pdf	static/s/260-Double-Duties.pdf
https://www.davidalfredbywaters.com/s/260-Double-Duties-2-pages.pdf	static/s/260-Double-Duties-2-pages.pdf
https://www.davidalfredbywaters.com/s/261-Alphabetical-Cavalcade-of-Crosswordese.puz	static/s/261-Alphabetical-Cavalcade-of-Crosswordese.puz
https://www.davidalfredbywaters.com/s/261-Alphabetical-Cavalcade-of-Crosswordese.pdf	static/s/261-Alphabetical-Cavalcade-of-Crosswordese.pdf
https://www.davidalfredbywaters.com/s/261-Alphabetical-Cavalcade-of-Crosswordese-2-pages.pdf	static/s/261-Alphabetical-Cavalcade-of-Crosswordese-2-pages.pdf
https://www.davidalfredbywaters.com/s/262-Remedial-Reading.puz	static/s/262-Remedial-Reading.puz
https://www.davidalfredbywaters.com/s/262-Remedial-Reading.pdf	static/s/262-Remedial-Reading.pdf
https://www.davidalfredbywaters.com/s/259-Results-Are-Trickling-In-ljb4.puz	static/s/259-Results-Are-Trickling-In-ljb4.puz
https://www.davidalfredbywaters.com/s/259-Results-Are-Trickling-In-pd93.pdf	static/s/259-Results-Are-Trickling-In-pd93.pdf
https://www.davidalfredbywaters.com/s/264-Where-Did-You-Go.puz	static/s/264-Where-Did-You-Go.puz
https://www.davidalfredbywaters.com/s/264-Where-Did-You-Go.pdf	static/s/264-Where-Did-You-Go.pdf
https://www.davidalfredbywaters.com/s/265-Petty-Morels.puz	static/s/265-Petty-Morels.puz
https://www.davidalfredbywaters.com/s/265-Petty-Morels.pdf	static/s/265-Petty-Morels.pdf
https://www.davidalfredbywaters.com/s/266-Be-Jolly.puz	static/s/266-Be-Jolly.puz
https://www.davidalfredbywaters.com/s/266-Be-Jolly.pdf	static/s/266-Be-Jolly.pdf
https://www.davidalfredbywaters.com/s/263-Teaser-Rates-jj9c.puz	static/s/263-Teaser-Rates-jj9c.puz
https://www.davidalfredbywaters.com/s/263-Teaser-Rates-lzxa.pdf	static/s/263-Teaser-Rates-lzxa.pdf
https://www.davidalfredbywaters.com/s/267-Happy-New-Year.puz	static/s/267-Happy-New-Year.puz
https://www.davidalfredbywaters.com/s/267-Happy-New-Year.pdf	static/s/267-Happy-New-Year.pdf
https://www.davidalfredbywaters.com/s/221-Ta-da.puz	static/s/221-Ta-da.puz
https://www.davidalfredbywaters.com/s/221-Ta-da.pdf	static/s/221-Ta-da.pdf
https://www.davidalfredbywaters.com/s/222-Canine-Clamor.puz	static/s/222-Canine-Clamor.puz
https://www.davidalfredbywaters.com/s/222-Canine-Clamor.pdf	static/s/222-Canine-Clamor.pdf
https://www.davidalfredbywaters.com/s/223-Double-Spaces.puz	static/s/223-Double-Spaces.puz
https://www.davidalfredbywaters.com/s/223-Double-Spaces.pdf	static/s/223-Double-Spaces.pdf
https://www.davidalfredbywaters.com/s/220-Abandon-Ship-hmhf.puz	static/s/220-Abandon-Ship-hmhf.puz
https://www.davidalfredbywaters.com/s/220-Abandon-Ship-hsal.pdf	static/s/220-Abandon-Ship-hsal.pdf
https://www.davidalfredbywaters.com/s/225-Now-You-See-It-Now-You-Dont.puz	static/s/225-Now-You-See-It-Now-You-Dont.puz
https://www.davidalfredbywaters.com/s/225-Now-You-See-It-Now-You-Dont.pdf	static/s/225-Now-You-See-It-Now-You-Dont.pdf
https://www.davidalfredbywaters.com/s/226-Replacement-Parts.puz	static/s/226-Replacement-Parts.puz
https://www.davidalfredbywaters.com/s/226-Replacement-Parts.pdf	static/s/226-Replacement-Parts.pdf
https://www.davidalfredbywaters.com/s/227-We-Have-Been-Out.puz	static/s/227-We-Have-Been-Out.puz
https://www.davidalfredbywaters.com/s/227-We-Have-Been-Out.pdf	static/s/227-We-Have-Been-Out.pdf
https://www.davidalfredbywaters.com/s/224-Filthy-Puns.puz	static/s/224-Filthy-Puns.puz
https://www.davidalfredbywaters.com/s/224-Filthy-Puns.pdf	static/s/224-Filthy-Puns.pdf
https://www.davidalfredbywaters.com/s/230-Rear-Enders.puz	static/s/230-Rear-Enders.puz
https://www.davidalfredbywaters.com/s/230-Rear-Enders.pdf	static/s/230-Rear-Enders.pdf
https://www.davidalfredbywaters.com/s/228-Not-on-the-Level.puz	static/s/228-Not-on-the-Level.puz
https://www.davidalfredbywaters.com/s/228-Not-on-the-Level.pdf	static/s/228-Not-on-the-Level.pdf
https://www.davidalfredbywaters.com/s/231-Self-Promotion.puz	static/s/231-Self-Promotion.puz
https://www.davidalfredbywaters.com/s/231-Self-Promotion.pdf	static/s/231-Self-Promotion.pdf
https://www.davidalfredbywaters.com/s/232-Frozen-Out-bwjy.puz	static/s/232-Frozen-Out-bwjy.puz
https://www.davidalfredbywaters.com/s/232-Frozen-Out-375r.pdf	static/s/232-Frozen-Out-375r.pdf
https://www.davidalfredbywaters.com/s/229-Theres-a-Lot-Going-On-Here.puz	static/s/229-Theres-a-Lot-Going-On-Here.puz
https://www.davidalfredbywaters.com/s/229-Theres-a-Lot-Going-On-Here.pdf	static/s/229-Theres-a-Lot-Going-On-Here.pdf
https://www.davidalfredbywaters.com/s/234-Four-Aces.puz	static/s/234-Four-Aces.puz
https://www.davidalfredbywaters.com/s/234-Four-Aces.pdf	static/s/234-Four-Aces.pdf
https://www.davidalfredbywaters.com/s/235-Ten-Four.puz	static/s/235-Ten-Four.puz
https://www.davidalfredbywaters.com/s/235-Ten-Four.pdf	static/s/235-Ten-Four.pdf
https://www.davidalfredbywaters.com/s/236-Cross-Out-sn2n.puz	static/s/236-Cross-Out-sn2n.puz
https://www.davidalfredbywaters.com/s/236-Cross-Out.pdf	static/s/236-Cross-Out.pdf
https://www.davidalfredbywaters.com/s/233-Oases.puz	static/s/233-Oases.puz
https://www.davidalfredbywaters.com/s/233-Oases.pdf	static/s/233-Oases.pdf
https://www.davidalfredbywaters.com/s/238-Etail-Discounts-manb.puz	static/s/238-Etail-Discounts-manb.puz
https://www.davidalfredbywaters.com/s/238-Etail-Discounts-w2ne.pdf	static/s/238-Etail-Discounts-w2ne.pdf
https://www.davidalfredbywaters.com/s/239-The-Cutting-Edge.puz	static/s/239-The-Cutting-Edge.puz
https://www.davidalfredbywaters.com/s/239-The-Cutting-Edge.pdf	static/s/239-The-Cutting-Edge.pdf
https://www.davidalfredbywaters.com/s/240-Tossing-It-Down.puz	static/s/240-Tossing-It-Down.puz
https://www.davidalfredbywaters.com/s/240-Tossing-It-Down.pdf	static/s/240-Tossing-It-Down.pdf
https://www.davidalfredbywaters.com/s/237-Alternating-Biconsonantal-Pentads.puz	static/s/237-Alternating-Biconsonantal-Pentads.puz
https://www.davidalfredbywaters.com/s/237-Alternating-Biconsonantal-Pentads.pdf	static/s/237-Alternating-Biconsonantal-Pentads.pdf
https://www.davidalfredbywaters.com/s/243-Downplay.puz	static/s/243-Downplay.puz
https://www.davidalfredbywaters.com/s/243-Downplay.pdf	static/s/243-Downplay.pdf
https://www.davidalfredbywaters.com/s/241-Downspout.puz	static/s/241-Downspout.puz
https://www.davidalfredbywaters.com/s/241-Downspout.pdf	static/s/241-Downspout.pdf
https://www.davidalfredbywaters.com/s/244-Down-in-the-Mine.puz	static/s/244-Down-in-the-Mine.puz
https://www.davidalfredbywaters.com/s/244-Down-in-the-Mine.pdf	static/s/244-Down-in-the-Mine.pdf
https://www.davidalfredbywaters.com/s/245-Change-of-Pace.puz	static/s/245-Change-of-Pace.puz
https://www.davidalfredbywaters.com/s/245-Change-of-Pace.pdf	static/s/245-Change-of-Pace.pdf
https://www.davidalfredbywaters.com/s/242-What-a-Downer.puz	static/s/242-What-a-Downer.puz
https://www.davidalfredbywaters.com/s/242-What-a-Downer.pdf	static/s/242-What-a-Downer.pdf
https://www.davidalfredbywaters.com/s/247-Plus-Sighs.puz	static/s/247-Plus-Sighs.puz
https://www.davidalfredbywaters.com/s/247-Plus-Sighs.pdf	static/s/247-Plus-Sighs.pdf
https://www.davidalfredbywaters.com/s/248-Farmyard-Echoes-aww9.puz	static/s/248-Farmyard-Echoes-aww9.puz
https://www.davidalfredbywaters.com/s/248-Farmyard-Echoes-88bh.pdf	static/s/248-Farmyard-Echoes-88bh.pdf
https://www.davidalfredbywaters.com/s/249-Excess-Verbiage.puz	static/s/249-Excess-Verbiage.puz
https://www.davidalfredbywaters.com/s/249-Excess-Verbiage.pdf	static/s/249-Excess-Verbiage.pdf
https://www.davidalfredbywaters.com/s/246-Thats-Just-Preverted.puz	static/s/246-Thats-Just-Preverted.puz
https://www.davidalfredbywaters.com/s/246-Thats-Just-Preverted.pdf	static/s/246-Thats-Just-Preverted.pdf
https://www.davidalfredbywaters.com/s/251-I-Recycle.puz	static/s/251-I-Recycle.puz
https://www.davidalfredbywaters.com/s/251-I-Recycle.pdf	static/s/251-I-Recycle.pdf
https://www.davidalfredbywaters.com/s/252-Sad-Partings.puz	static/s/252-Sad-Partings.puz
https://www.davidalfredbywaters.com/s/252-Sad-Partings.pdf	static/s/252-Sad-Partings.pdf
https://www.davidalfredbywaters.com/s/253-Hearts-Ease.puz	static/s/253-Hearts-Ease.puz
https://www.davidalfredbywaters.com/s/253-Hearts-Ease.pdf	static/s/253-Hearts-Ease.pdf
https://www.davidalfredbywaters.com/s/250-Ring-of-Ire-6mhx.puz	static/s/250-Ring-of-Ire-6mhx.puz
https://www.davidalfredbywaters.com/s/250-Ring-of-Ire-t7m2.pdf	static/s/250-Ring-of-Ire-t7m2.pdf
https://www.davidalfredbywaters.com/s/268-I-Dont-Like-Your-Tone.puz	static/s/268-I-Dont-Like-Your-Tone.puz
https://www.davidalfredbywaters.com/s/268-I-Dont-Like-Your-Tone.pdf	static/s/268-I-Dont-Like-Your-Tone.pdf
https://www.davidalfredbywaters.com/s/269-Wild-Animals.puz	static/s/269-Wild-Animals.puz
https://www.davidalfredbywaters.com/s/269-Wild-Animals.pdf	static/s/269-Wild-Animals.pdf
https://www.davidalfredbywaters.com/s/270-Me-First.puz	static/s/270-Me-First.puz
https://www.davidalfredbywaters.com/s/270-Me-First.pdf	static/s/270-Me-First.pdf
https://www.davidalfredbywaters.com/s/271-A-Plus.puz	static/s/271-A-Plus.puz
https://www.davidalfredbywaters.com/s/271-A-Plus.pdf	static/s/271-A-Plus.pdf
https://www.davidalfredbywaters.com/s/293-Change-Holders-y6ft.puz	static/s/293-Change-Holders-y6ft.puz
https://www.davidalfredbywaters.com/s/293-Change-Holders-efrl.pdf	static/s/293-Change-Holders-efrl.pdf
https://www.davidalfredbywaters.com/s/288-Dont-Get-Nosy.puz	static/s/288-Dont-Get-Nosy.puz
https://www.davidalfredbywaters.com/s/288-Dont-Get-Nosy-aptp.pdf	static/s/288-Dont-Get-Nosy-aptp.pdf
https://www.davidalfredbywaters.com/s/287-Double-Letters.puz	static/s/287-Double-Letters.puz
https://www.davidalfredbywaters.com/s/287-Double-Letters.pdf	static/s/287-Double-Letters.pdf
https://www.davidalfredbywaters.com/s/290-Alternate-Endings.puz	static/s/290-Alternate-Endings.puz
https://www.davidalfredbywaters.com/s/290-Alternate-Endings.pdf	static/s/290-Alternate-Endings.pdf
https://www.davidalfredbywaters.com/s/289-Cropped-Tees.puz	static/s/289-Cropped-Tees.puz
https://www.davidalfredbywaters.com/s/289-Cropped-Tees-c7bh.pdf	static/s/289-Cropped-Tees-c7bh.pdf
https://www.davidalfredbywaters.com/s/292-Xmas-hl3w.puz	static/s/292-Xmas-hl3w.puz
https://www.davidalfredbywaters.com/s/292-Xmas-ly9m.pdf	static/s/292-Xmas-ly9m.pdf
https://www.davidalfredbywaters.com/s/291-Fed-Up-h762.puz	static/s/291-Fed-Up-h762.puz
https://www.davidalfredbywaters.com/s/291-Fed-Up-e2ng.pdf	static/s/291-Fed-Up-e2ng.pdf
https://www.davidalfredbywaters.com/s/280-Haunted-by-the-Past.puz	static/s/280-Haunted-by-the-Past.puz
https://www.davidalfredbywaters.com/s/280-Haunted-by-the-Past.pdf	static/s/280-Haunted-by-the-Past.pdf
https://www.davidalfredbywaters.com/s/274-Specialists.puz	static/s/274-Specialists.puz
https://www.davidalfredbywaters.com/s/274-Specialists.pdf	static/s/274-Specialists.pdf
https://www.davidalfredbywaters.com/s/275-Alien-Invasion-z87e.puz	static/s/275-Alien-Invasion-z87e.puz
https://www.davidalfredbywaters.com/s/275-Alien-Invasion-k8pg.pdf	static/s/275-Alien-Invasion-k8pg.pdf
https://www.davidalfredbywaters.com/s/272-Out-of-the-Past.puz	static/s/272-Out-of-the-Past.puz
https://www.davidalfredbywaters.com/s/272-Out-of-the-Past.pdf	static/s/272-Out-of-the-Past.pdf
https://www.davidalfredbywaters.com/s/273-Running-Short.puz	static/s/273-Running-Short.puz
https://www.davidalfredbywaters.com/s/273-Running-Short.pdf	static/s/273-Running-Short.pdf
https://www.davidalfredbywaters.com/s/276-Not-Now.puz	static/s/276-Not-Now.puz
https://www.davidalfredbywaters.com/s/276-Not-Now.pdf	static/s/276-Not-Now.pdf
https://www.davidalfredbywaters.com/s/277-Outer-Space.puz	static/s/277-Outer-Space.puz
https://www.davidalfredbywaters.com/s/277-Outer-Space.pdf	static/s/277-Outer-Space.pdf
https://www.davidalfredbywaters.com/s/279a-Language-Acquisition-Part-1.puz	static/s/279a-Language-Acquisition-Part-1.puz
https://www.davidalfredbywaters.com/s/279a-Language-Acquisition-Part-1.pdf	static/s/279a-Language-Acquisition-Part-1.pdf
https://www.davidalfredbywaters.com/s/279b-Language-Acquisition-Part-2.puz	static/s/279b-Language-Acquisition-Part-2.puz
https://www.davidalfredbywaters.com/s/279b-Language-Acquisition-Part-2.pdf	static/s/279b-Language-Acquisition-Part-2.pdf
https://www.davidalfredbywaters.com/s/278-In-Outer-Space.puz	static/s/278-In-Outer-Space.puz
https://www.davidalfredbywaters.com/s/278-In-Outer-Space.pdf	static/s/278-In-Outer-Space.pdf
https://www.davidalfredbywaters.com/s/281-Bending-Down-rhcr.puz	static/s/281-Bending-Down-rhcr.puz
https://www.davidalfredbywaters.com/s/281-Bending-Down-56nb.pdf	static/s/281-Bending-Down-56nb.pdf
https://www.davidalfredbywaters.com/s/282-Oh-Why-Bother-ckwe.puz	static/s/282-Oh-Why-Bother-ckwe.puz
https://www.davidalfredbywaters.com/s/282-Oh-Why-Bother-2y3r.pdf	static/s/282-Oh-Why-Bother-2y3r.pdf
https://www.davidalfredbywaters.com/s/283-All-Will-Be-Well.puz	static/s/283-All-Will-Be-Well.puz
https://www.davidalfredbywaters.com/s/283-All-Will-Be-Well.pdf	static/s/283-All-Will-Be-Well.pdf
https://www.davidalfredbywaters.com/s/284-Meal-Preparation.puz	static/s/284-Meal-Preparation.puz
https://www.davidalfredbywaters.com/s/284-Meal-Preparation.pdf	static/s/284-Meal-Preparation.pdf
https://www.davidalfredbywaters.com/s/286-Senior-Centers.puz	static/s/286-Senior-Centers.puz
https://www.davidalfredbywaters.com/s/286-Senior-Centers.pdf	static/s/286-Senior-Centers.pdf
https://www.davidalfredbywaters.com/s/285-All-the-Wrong-Places-4ljw.puz	static/s/285-All-the-Wrong-Places-4ljw.puz
https://www.davidalfredbywaters.com/s/285-All-the-Wrong-Places-pgw5.pdf	static/s/285-All-the-Wrong-Places-pgw5.pdf
https://www.davidalfredbywaters.com/s/Mixed-Doubles-7les.puz	static/s/Mixed-Doubles-7les.puz
https://www.davidalfredbywaters.com/s/Mixed-Doubles-6sy2.pdf	static/s/Mixed-Doubles-6sy2.pdf
https://www.davidalfredbywaters.com/s/295-The-Secret-Garden-waag.puz	static/s/295-The-Secret-Garden-waag.puz
https://www.davidalfredbywaters.com/s/295-The-Secret-Garden.pdf	static/s/295-The-Secret-Garden.pdf
https://www.davidalfredbywaters.com/s/314-Stag-Party.puz	static/s/314-Stag-Party.puz
https://www.davidalfredbywaters.com/s/314-Stag-Party.pdf	static/s/314-Stag-Party.pdf
https://www.davidalfredbywaters.com/s/313-Double-Shortening.puz	static/s/313-Double-Shortening.puz
https://www.davidalfredbywaters.com/s/313-Double-Shortening.pdf	static/s/313-Double-Shortening.pdf
https://www.davidalfredbywaters.com/s/316-Facing-Uncertainties.puz	static/s/316-Facing-Uncertainties.puz
https://www.davidalfredbywaters.com/s/316-Facing-Uncertainties.pdf	static/s/316-Facing-Uncertainties.pdf
https://www.davidalfredbywaters.com/s/315-Speech-Recognition.puz	static/s/315-Speech-Recognition.puz
https://www.davidalfredbywaters.com/s/315-Speech-Recognition.pdf	static/s/315-Speech-Recognition.pdf
https://www.davidalfredbywaters.com/s/317-Five-Times-Nine.puz	static/s/317-Five-Times-Nine.puz
https://www.davidalfredbywaters.com/s/317-Five-Times-Nine.pdf	static/s/317-Five-Times-Nine.pdf
https://www.davidalfredbywaters.com/s/329-Rethinking.puz	static/s/329-Rethinking.puz
https://www.davidalfredbywaters.com/s/329-Rethinking-y9pg.pdf	static/s/329-Rethinking-y9pg.pdf
https://www.davidalfredbywaters.com/s/319-Undeletion.puz	static/s/319-Undeletion.puz
https://www.davidalfredbywaters.com/s/319-Undeletion.pdf	static/s/319-Undeletion.pdf
https://www.davidalfredbywaters.com/s/330-SB.puz	static/s/330-SB.puz
https://www.davidalfredbywaters.com/s/330-SB.pdf	static/s/330-SB.pdf
https://www.davidalfredbywaters.com/s/318-The-Morning-After-2tzz.puz	static/s/318-The-Morning-After-2tzz.puz
https://www.davidalfredbywaters.com/s/318-The-Morning-After-pgyg.pdf	static/s/318-The-Morning-After-pgyg.pdf
https://www.davidalfredbywaters.com/s/297-Chill-Out.puz	static/s/297-Chill-Out.puz
https://www.davidalfredbywaters.com/s/297-Chill-Out.pdf	static/s/297-Chill-Out.pdf
https://www.davidalfredbywaters.com/s/AM-Monro-Crane-Court-Part-1.pdf	static/s/AM-Monro-Crane-Court-Part-1.pdf
https://www.davidalfredbywaters.com/s/AM-Monro-Crane-Court-Part-2.pdf	static/s/AM-Monro-Crane-Court-Part-2.pdf
https://www.davidalfredbywaters.com/s/AM-Monro-Crane-Court-Part-3.pdf	static/s/AM-Monro-Crane-Court-Part-3.pdf
https://www.davidalfredbywaters.com/s/296-RB.puz	static/s/296-RB.puz
https://www.davidalfredbywaters.com/s/296-RB.pdf	static/s/296-RB.pdf
https://www.davidalfredbywaters.com/s/299-Six-Pack-rtlz.puz	static/s/299-Six-Pack-rtlz.puz
https://www.davidalfredbywaters.com/s/299-Six-Pack-xgs7.pdf	static/s/299-Six-Pack-xgs7.pdf
https://www.davidalfredbywaters.com/s/298-Having-It-Both-Ways.puz	static/s/298-Having-It-Both-Ways.puz
https://www.davidalfredbywaters.com/s/298-Having-It-Both-Ways.pdf	static/s/298-Having-It-Both-Ways.pdf
https://www.davidalfredbywaters.com/s/301-Alternative-Medicine.puz	static/s/301-Alternative-Medicine.puz
https://www.davidalfredbywaters.com/s/301-Alternative-Medicine.pdf	static/s/301-Alternative-Medicine.pdf
https://www.davidalfredbywaters.com/s/300-CCC-entering-b4hz.puz	static/s/300-CCC-entering-b4hz.puz
https://www.davidalfredbywaters.com/s/300-CCC-entering-222m.pdf	static/s/300-CCC-entering-222m.pdf
https://www.davidalfredbywaters.com/s/303-Alienation.puz	static/s/303-Alienation.puz
https://www.davidalfredbywaters.com/s/303-Alienation.pdf	static/s/303-Alienation.pdf
https://www.davidalfredbywaters.com/s/302-Animal-Trailers.puz	static/s/302-Animal-Trailers.puz
https://www.davidalfredbywaters.com/s/302-Animal-Trailers.pdf	static/s/302-Animal-Trailers.pdf
https://www.davidalfredbywaters.com/s/304-Adaptation.puz	static/s/304-Adaptation.puz
https://www.davidalfredbywaters.com/s/304-Adaptation.pdf	static/s/304-Adaptation.pdf
https://www.davidalfredbywaters.com/s/305a-Deism.puz	static/s/305a-Deism.puz
https://www.davidalfredbywaters.com/s/305a-Deism.pdf	static/s/305a-Deism.pdf
https://www.davidalfredbywaters.com/s/305b-Deist.puz	static/s/305b-Deist.puz
https://www.davidalfredbywaters.com/s/305b-Deist.pdf	static/s/305b-Deist.pdf
https://www.davidalfredbywaters.com/s/306-Its-Curtains-for-Us.puz	static/s/306-Its-Curtains-for-Us.puz
https://www.davidalfredbywaters.com/s/306-Its-Curtains-for-Us.pdf	static/s/306-Its-Curtains-for-Us.pdf
https://www.davidalfredbywaters.com/s/307-The-Abyss.puz	static/s/307-The-Abyss.puz
https://www.davidalfredbywaters.com/s/307-The-Abyss.pdf	static/s/307-The-Abyss.pdf
https://www.davidalfredbywaters.com/s/308-Do-Not-Bend.puz	static/s/308-Do-Not-Bend.puz
https://www.davidalfredbywaters.com/s/308-Do-Not-Bend.pdf	static/s/308-Do-Not-Bend.pdf
https://www.davidalfredbywaters.com/s/309-Literary-Interpretation.puz	static/s/309-Literary-Interpretation.puz
https://www.davidalfredbywaters.com/s/309-Literary-Interpretation.pdf	static/s/309-Literary-Interpretation.pdf
https://www.davidalfredbywaters.com/s/310-Double-Plays-on-Words.puz	static/s/310-Double-Plays-on-Words.puz
https://www.davidalfredbywaters.com/s/310-Double-Plays-on-Words.pdf	static/s/310-Double-Plays-on-Words.pdf
https://www.davidalfredbywaters.com/s/312-Find-a-Way.puz	static/s/312-Find-a-Way.puz
https://www.davidalfredbywaters.com/s/312-Find-a-Way.pdf	static/s/312-Find-a-Way.pdf
https://www.davidalfredbywaters.com/s/311-Thats-Disgusting.puz	static/s/311-Thats-Disgusting.puz
https://www.davidalfredbywaters.com/s/311-Thats-Disgusting-b94j.pdf	static/s/311-Thats-Disgusting-b94j.pdf
https://www.davidalfredbywaters.com/s/320-Overworked-Abbreviations.puz	static/s/320-Overworked-Abbreviations.puz
https://www.davidalfredbywaters.com/s/320-Overworked-Abbreviations.pdf	static/s/320-Overworked-Abbreviations.pdf
https://www.davidalfredbywaters.com/s/321-Er-Er-What-Was-I-Saying.puz	static/s/321-Er-Er-What-Was-I-Saying.puz
https://www.davidalfredbywaters.com/s/321-Er-Er-What-Was-I-Saying.pdf	static/s/321-Er-Er-What-Was-I-Saying.pdf
https://www.davidalfredbywaters.com/s/340-Things-Are-Getting-Tense.puz	static/s/340-Things-Are-Getting-Tense.puz
https://www.davidalfredbywaters.com/s/340-Things-Are-Getting-Tense.pdf	static/s/340-Things-Are-Getting-Tense.pdf
https://www.davidalfredbywaters.com/s/339-It-Adds-Up-cg2j.puz	static/s/339-It-Adds-Up-cg2j.puz
https://www.davidalfredbywaters.com/s/339-It-Adds-Up-3p2x.pdf	static/s/339-It-Adds-Up-3p2x.pdf
https://www.davidalfredbywaters.com/s/341-Progressive-Ism.puz	static/s/341-Progressive-Ism.puz
https://www.davidalfredbywaters.com/s/341-Progressive-Ism.pdf	static/s/341-Progressive-Ism.pdf
https://www.davidalfredbywaters.com/s/342-Stupid-Puns-4362.puz	static/s/342-Stupid-Puns-4362.puz
https://www.davidalfredbywaters.com/s/342-Stupid-Puns-xdhr.pdf	static/s/342-Stupid-Puns-xdhr.pdf
https://www.davidalfredbywaters.com/s/343-Dealing-with-Affronts.puz	static/s/343-Dealing-with-Affronts.puz
https://www.davidalfredbywaters.com/s/343-Dealing-with-Affronts.pdf	static/s/343-Dealing-with-Affronts.pdf
https://www.davidalfredbywaters.com/s/344-The-First-Noel.puz	static/s/344-The-First-Noel.puz
https://www.davidalfredbywaters.com/s/344-The-First-Noel.pdf	static/s/344-The-First-Noel.pdf
https://www.davidalfredbywaters.com/s/345-Off-Color.puz	static/s/345-Off-Color.puz
https://www.davidalfredbywaters.com/s/345-Off-Color.pdf	static/s/345-Off-Color.pdf
https://www.davidalfredbywaters.com/s/323-Nonconfrontation.puz	static/s/323-Nonconfrontation.puz
https://www.davidalfredbywaters.com/s/323-Nonconfrontation.pdf	static/s/323-Nonconfrontation.pdf
https://www.davidalfredbywaters.com/s/322-Trash-Bin.puz	static/s/322-Trash-Bin.puz
https://www.davidalfredbywaters.com/s/322-Trash-Bin.pdf	static/s/322-Trash-Bin.pdf
https://www.davidalfredbywaters.com/s/325-Pulling-Ahead.puz	static/s/325-Pulling-Ahead.puz
https://www.davidalfredbywaters.com/s/325-Pulling-Ahead.pdf	static/s/325-Pulling-Ahead.pdf
https://www.davidalfredbywaters.com/s/324-Fashion-Shoots.puz	static/s/324-Fashion-Shoots.puz
https://www.davidalfredbywaters.com/s/324-Fashion-Shoots.pdf	static/s/324-Fashion-Shoots.pdf
https://www.davidalfredbywaters.com/s/327-Its-All-Wrong.puz	static/s/327-Its-All-Wrong.puz
https://www.davidalfredbywaters.com/s/327-Its-All-Wrong.pdf	static/s/327-Its-All-Wrong.pdf
https://www.davidalfredbywaters.com/s/326-Padding.puz	static/s/326-Padding.puz
https://www.davidalfredbywaters.com/s/326-Padding.pdf	static/s/326-Padding.pdf
https://www.davidalfredbywaters.com/s/328-Whats-It-All-For.puz	static/s/328-Whats-It-All-For.puz
https://www.davidalfredbywaters.com/s/328-Whats-It-All-For.pdf	static/s/328-Whats-It-All-For.pdf
https://www.davidalfredbywaters.com/s/331-Or-Else.puz	static/s/331-Or-Else.puz
https://www.davidalfredbywaters.com/s/331-Or-Else.pdf	static/s/331-Or-Else.pdf
https://www.davidalfredbywaters.com/s/332-Change-Partners.puz	static/s/332-Change-Partners.puz
https://www.davidalfredbywaters.com/s/332-Change-Partners.pdf	static/s/332-Change-Partners.pdf
https://www.davidalfredbywaters.com/s/333-Shrift.puz	static/s/333-Shrift.puz
https://www.davidalfredbywaters.com/s/333-Shrift.pdf	static/s/333-Shrift.pdf
https://www.davidalfredbywaters.com/s/334-The-Mad-Hatter.puz	static/s/334-The-Mad-Hatter.puz
https://www.davidalfredbywaters.com/s/334-The-Mad-Hatter.pdf	static/s/334-The-Mad-Hatter.pdf
https://www.davidalfredbywaters.com/s/336-Close-with-Clothes.puz	static/s/336-Close-with-Clothes.puz
https://www.davidalfredbywaters.com/s/336-Close-with-Clothes.pdf	static/s/336-Close-with-Clothes.pdf
https://www.davidalfredbywaters.com/s/335-Is-That-a-Dog-I-Hear.puz	static/s/335-Is-That-a-Dog-I-Hear.puz
https://www.davidalfredbywaters.com/s/335-Is-That-a-Dog-I-Hear.pdf	static/s/335-Is-That-a-Dog-I-Hear.pdf
https://www.davidalfredbywaters.com/s/338-Some-Assorted-Answers-tdwy.puz	static/s/338-Some-Assorted-Answers-tdwy.puz
https://www.davidalfredbywaters.com/s/338-Some-Assorted-Answers-nn6m.pdf	static/s/338-Some-Assorted-Answers-nn6m.pdf
https://www.davidalfredbywaters.com/s/337-Coronation.puz	static/s/337-Coronation.puz
https://www.davidalfredbywaters.com/s/337-Coronation.pdf	static/s/337-Coronation.pdf
https://www.davidalfredbywaters.com/s/349-Strip-Joint.puz	static/s/349-Strip-Joint.puz
https://www.davidalfredbywaters.com/s/349-Strip-Joint.pdf	static/s/349-Strip-Joint.pdf
https://www.davidalfredbywaters.com/s/353-AI-Will-Replace-U.puz	static/s/353-AI-Will-Replace-U.puz
https://www.davidalfredbywaters.com/s/353-AI-Will-Replace-U.pdf	static/s/353-AI-Will-Replace-U.pdf
https://www.davidalfredbywaters.com/s/346-Cutbacks.puz	static/s/346-Cutbacks.puz
https://www.davidalfredbywaters.com/s/346-Cutbacks.pdf	static/s/346-Cutbacks.pdf
https://www.davidalfredbywaters.com/s/347-Put-It-in-Reverse.puz	static/s/347-Put-It-in-Reverse.puz
https://www.davidalfredbywaters.com/s/347-Put-It-in-Reverse.pdf	static/s/347-Put-It-in-Reverse.pdf
https://www.davidalfredbywaters.com/s/348-Phrasemaking.puz	static/s/348-Phrasemaking.puz
https://www.davidalfredbywaters.com/s/348-Phrasemaking.pdf	static/s/348-Phrasemaking.pdf
https://www.davidalfredbywaters.com/s/351-Ugh-Get-It-Out-of-Here.puz	static/s/351-Ugh-Get-It-Out-of-Here.puz
https://www.davidalfredbywaters.com/s/351-Ugh-Get-It-Out-of-Here.pdf	static/s/351-Ugh-Get-It-Out-of-Here.pdf
https://www.davidalfredbywaters.com/s/350-Practice-Phrases-for-the-Aspirational.puz	static/s/350-Practice-Phrases-for-the-Aspirational.puz
https://www.davidalfredbywaters.com/s/350-Practice-Phrases-for-the-Aspirational.pdf	static/s/350-Practice-Phrases-for-the-Aspirational.pdf
https://www.davidalfredbywaters.com/s/352-Another-Defeat.puz	static/s/352-Another-Defeat.puz
https://www.davidalfredbywaters.com/s/352-Another-Defeat.pdf	static/s/352-Another-Defeat.pdf
https://www.davidalfredbywaters.com/s/355-Backlash.puz	static/s/355-Backlash.puz
https://www.davidalfredbywaters.com/s/355-Backlash.pdf	static/s/355-Backlash.pdf
https://www.davidalfredbywaters.com/s/354-All-Is-Not-Well.puz	static/s/354-All-Is-Not-Well.puz
https://www.davidalfredbywaters.com/s/354-All-Is-Not-Well.pdf	static/s/354-All-Is-Not-Well.pdf
https://www.davidalfredbywaters.com/s/356-Something-Fishy.puz	static/s/356-Something-Fishy.puz
https://www.davidalfredbywaters.com/s/356-Something-Fishy.pdf	static/s/356-Something-Fishy.pdf
https://www.davidalfredbywaters.com/s/357-Dividends.puz	static/s/357-Dividends.puz
https://www.davidalfredbywaters.com/s/357-Dividends.pdf	static/s/357-Dividends.pdf
https://www.davidalfredbywaters.com/s/358-Let-Me-In.puz	static/s/358-Let-Me-In.puz
https://www.davidalfredbywaters.com/s/358-Let-Me-In.pdf	static/s/358-Let-Me-In.pdf
https://www.davidalfredbywaters.com/s/360-Pay-to-Play.puz	static/s/360-Pay-to-Play.puz
https://www.davidalfredbywaters.com/s/360-Pay-to-Play.pdf	static/s/360-Pay-to-Play.pdf
https://www.davidalfredbywaters.com/s/359-Dimensional-Instability-mfpd.puz	static/s/359-Dimensional-Instability-mfpd.puz
https://www.davidalfredbywaters.com/s/359-Dimensional-Instability-pjgs.pdf	static/s/359-Dimensional-Instability-pjgs.pdf
https://www.davidalfredbywaters.com/s/362-Pouting-Expressions.puz	static/s/362-Pouting-Expressions.puz
https://www.davidalfredbywaters.com/s/362-Pouting-Expressions.pdf	static/s/362-Pouting-Expressions.pdf
https://www.davidalfredbywaters.com/s/361-Odes.puz	static/s/361-Odes.puz
https://www.davidalfredbywaters.com/s/361-Odes.pdf	static/s/361-Odes.pdf
https://www.davidalfredbywaters.com/s/364-Reverses.puz	static/s/364-Reverses.puz
https://www.davidalfredbywaters.com/s/364-Reverses.pdf	static/s/364-Reverses.pdf
https://www.davidalfredbywaters.com/s/363-Why-Cant-We-Just-Get-Along.puz	static/s/363-Why-Cant-We-Just-Get-Along.puz
https://www.davidalfredbywaters.com/s/363-Why-Cant-We-Just-Get-Along.pdf	static/s/363-Why-Cant-We-Just-Get-Along.pdf
https://www.davidalfredbywaters.com/s/001-Its-an-Upset-X.pdf	static/s/001-Its-an-Upset-X.pdf
https://www.davidalfredbywaters.com/s/002-One-for-Two-X.pdf	static/s/002-One-for-Two-X.pdf
https://www.davidalfredbywaters.com/s/003-Broken-Ranks-X.pdf	static/s/003-Broken-Ranks-X.pdf
https://www.davidalfredbywaters.com/s/004-Plutocratic-Pastimes-X.pdf	static/s/004-Plutocratic-Pastimes-X.pdf
https://www.davidalfredbywaters.com/s/005-A-Minus-X.pdf	static/s/005-A-Minus-X.pdf
https://www.davidalfredbywaters.com/s/006-Oenology-X.pdf	static/s/006-Oenology-X.pdf
https://www.davidalfredbywaters.com/s/007-Self-Effacement-X.pdf	static/s/007-Self-Effacement-X.pdf
https://www.davidalfredbywaters.com/s/008-Self-Assertion-X.pdf	static/s/008-Self-Assertion-X.pdf
https://www.davidalfredbywaters.com/s/009-Making-Mischief-X.pdf	static/s/009-Making-Mischief-X.pdf
https://www.davidalfredbywaters.com/s/010-Multiple-Choice-X.pdf	static/s/010-Multiple-Choice-X.pdf
https://www.davidalfredbywaters.com/s/011-Oxymoronism-X.pdf	static/s/011-Oxymoronism-X.pdf
https://www.davidalfredbywaters.com/s/012-Spice-Rack-X.pdf	static/s/012-Spice-Rack-X.pdf
https://www.davidalfredbywaters.com/s/013-F-ing-L-X.pdf	static/s/013-F-ing-L-X.pdf
https://www.davidalfredbywaters.com/s/014-Knife-Fork-Spoonerisms-X.pdf	static/s/014-Knife-Fork-Spoonerisms-X.pdf
https://www.davidalfredbywaters.com/s/015-Family-Entertainment-X.pdf	static/s/015-Family-Entertainment-X.pdf
https://www.davidalfredbywaters.com/s/016-22Ive-Been-Hacked22-X.pdf	static/s/016-22Ive-Been-Hacked22-X.pdf
https://www.davidalfredbywaters.com/s/017-Social-Media-Uploads-X.pdf	static/s/017-Social-Media-Uploads-X.pdf
https://www.davidalfredbywaters.com/s/018-Spatial-Relations-X.pdf	static/s/018-Spatial-Relations-X.pdf
https://www.davidalfredbywaters.com/s/019-Easter-Ovoids-X.pdf	static/s/019-Easter-Ovoids-X.pdf
https://www.davidalfredbywaters.com/s/020-Superheroes-X.pdf	static/s/020-Superheroes-X.pdf
https://www.davidalfredbywaters.com/s/021-Cest-What-X.pdf	static/s/021-Cest-What-X.pdf
https://www.davidalfredbywaters.com/s/022-Me-Time-X.pdf	static/s/022-Me-Time-X.pdf
https://www.davidalfredbywaters.com/s/023-Separation-Anxiety-X.pdf	static/s/023-Separation-Anxiety-X.pdf
https://www.davidalfredbywaters.com/s/024-Say-It-With-Flowers-X.pdf	static/s/024-Say-It-With-Flowers-X.pdf
https://www.davidalfredbywaters.com/s/025-Motherhood-X.pdf	static/s/025-Motherhood-X.pdf
https://www.davidalfredbywaters.com/s/026-Rejection-X.pdf	static/s/026-Rejection-X.pdf
https://www.davidalfredbywaters.com/s/027-I-Drops-X.pdf	static/s/027-I-Drops-X.pdf
https://www.davidalfredbywaters.com/s/028-Poetic-Justice-X.pdf	static/s/028-Poetic-Justice-X.pdf
https://www.davidalfredbywaters.com/s/029-Its-Magic-No1-X.pdf	static/s/029-Its-Magic-No1-X.pdf
https://www.davidalfredbywaters.com/s/030-Its-Magic-No2-X.pdf	static/s/030-Its-Magic-No2-X.pdf
https://www.davidalfredbywaters.com/s/031-Its-Magic-No3-X.pdf	static/s/031-Its-Magic-No3-X.pdf
https://www.davidalfredbywaters.com/s/032-Its-Magic-No4-X.pdf	static/s/032-Its-Magic-No4-X.pdf
https://www.davidalfredbywaters.com/s/033-Its-Magic-No5-X.pdf	static/s/033-Its-Magic-No5-X.pdf
https://www.davidalfredbywaters.com/s/034-Its-Magic-No6-X.pdf	static/s/034-Its-Magic-No6-X.pdf
https://www.davidalfredbywaters.com/s/035-What-Goes-Around-X.pdf	static/s/035-What-Goes-Around-X.pdf
https://www.davidalfredbywaters.com/s/036-Resounding-Frauds-X-s5m4.pdf	static/s/036-Resounding-Frauds-X-s5m4.pdf
https://www.davidalfredbywaters.com/s/037-Pastoral-Paronomasia-X.pdf	static/s/037-Pastoral-Paronomasia-X.pdf
https://www.davidalfredbywaters.com/s/038-Thats-No-Way-To-Be-X.pdf	static/s/038-Thats-No-Way-To-Be-X.pdf
https://www.davidalfredbywaters.com/s/039-Shedding-Anxieties-Literally-X.pdf	static/s/039-Shedding-Anxieties-Literally-X.pdf
https://www.davidalfredbywaters.com/s/040-Double-Down-X.pdf	static/s/040-Double-Down-X.pdf
https://www.davidalfredbywaters.com/s/041-In-Absentia-X.pdf	static/s/041-In-Absentia-X.pdf
https://www.davidalfredbywaters.com/s/042-Call-a-Plumber-X.pdf	static/s/042-Call-a-Plumber-X.pdf
https://www.davidalfredbywaters.com/s/043-Get-the-L-Out-X.pdf	static/s/043-Get-the-L-Out-X.pdf
https://www.davidalfredbywaters.com/s/044-Its-Rigged-X.pdf	static/s/044-Its-Rigged-X.pdf
https://www.davidalfredbywaters.com/s/045-No-Matter-How-You-Slice-It-X.pdf	static/s/045-No-Matter-How-You-Slice-It-X.pdf
https://www.davidalfredbywaters.com/s/046-Mmm-mmmm-X.pdf	static/s/046-Mmm-mmmm-X.pdf
https://www.davidalfredbywaters.com/s/047-Falling-Leaves-X.pdf	static/s/047-Falling-Leaves-X.pdf
https://www.davidalfredbywaters.com/s/048-Emergency-X.pdf	static/s/048-Emergency-X.pdf
https://www.davidalfredbywaters.com/s/049-Masked-Masks-X.pdf	static/s/049-Masked-Masks-X.pdf
https://www.davidalfredbywaters.com/s/050-Experts-Nicknames-X.pdf	static/s/050-Experts-Nicknames-X.pdf
https://www.davidalfredbywaters.com/s/051-Sole-Patches-X.pdf	static/s/051-Sole-Patches-X.pdf
https://www.davidalfredbywaters.com/s/052-Crosswordese-Cavalcade-X.pdf	static/s/052-Crosswordese-Cavalcade-X.pdf
https://www.davidalfredbywaters.com/s/053-Carved-Turkey-X.pdf	static/s/053-Carved-Turkey-X.pdf
https://www.davidalfredbywaters.com/s/054-Northern-Cities-Vowel-Shift-X.pdf	static/s/054-Northern-Cities-Vowel-Shift-X.pdf
https://www.davidalfredbywaters.com/s/055-Monkey-in-the-Middle-X.pdf	static/s/055-Monkey-in-the-Middle-X.pdf
https://www.davidalfredbywaters.com/s/056-Di-Graphic-Language-X.pdf	static/s/056-Di-Graphic-Language-X.pdf
https://www.davidalfredbywaters.com/s/057-The-Worst-Crossword-Puzzle-Ever-Made-X.pdf	static/s/057-The-Worst-Crossword-Puzzle-Ever-Made-X.pdf
https://www.davidalfredbywaters.com/s/058-Accentuate-the-Positive-X.pdf	static/s/058-Accentuate-the-Positive-X.pdf
https://www.davidalfredbywaters.com/s/59-Aeration-X.pdf	static/s/59-Aeration-X.pdf
https://www.davidalfredbywaters.com/s/60-Hair-Lines-X.pdf	static/s/60-Hair-Lines-X.pdf
https://www.davidalfredbywaters.com/s/061-Inflation-X.pdf	static/s/061-Inflation-X.pdf
https://www.davidalfredbywaters.com/s/062-Leeds-X.pdf	static/s/062-Leeds-X.pdf
https://www.davidalfredbywaters.com/s/063-Groundhog-Wild-X.pdf	static/s/063-Groundhog-Wild-X.pdf
https://www.davidalfredbywaters.com/s/064-Direct-Addresses-X.pdf	static/s/064-Direct-Addresses-X.pdf
https://www.davidalfredbywaters.com/s/065-Trial-Runs-X.pdf	static/s/065-Trial-Runs-X.pdf
https://www.davidalfredbywaters.com/s/066-MultiPL-Choice-X.pdf	static/s/066-MultiPL-Choice-X.pdf
https://www.davidalfredbywaters.com/s/067-Doubling-Back-X.pdf	static/s/067-Doubling-Back-X.pdf
https://www.davidalfredbywaters.com/s/068-Ignis-Fatuus-X.pdf	static/s/068-Ignis-Fatuus-X.pdf
https://www.davidalfredbywaters.com/s/069-Technological-Innovations-X.pdf	static/s/069-Technological-Innovations-X.pdf
https://www.davidalfredbywaters.com/s/070-Need-for-Speed-X.pdf	static/s/070-Need-for-Speed-X.pdf
https://www.davidalfredbywaters.com/s/071-Reinterpretation-X.pdf	static/s/071-Reinterpretation-X.pdf
https://www.davidalfredbywaters.com/s/073-Ursine-Sprawl.pdf	static/s/073-Ursine-Sprawl.pdf
https://www.davidalfredbywaters.com/s/073-Ursine-Sprawl-X.pdf	static/s/073-Ursine-Sprawl-X.pdf
https://www.davidalfredbywaters.com/s/074-Literal-Quarantines-X.pdf	static/s/074-Literal-Quarantines-X.pdf
https://www.davidalfredbywaters.com/s/075-Stupid-New-Apple-Devices-X.pdf	static/s/075-Stupid-New-Apple-Devices-X.pdf
https://www.davidalfredbywaters.com/s/076-Hydration-X-y7mp.pdf	static/s/076-Hydration-X-y7mp.pdf
https://www.davidalfredbywaters.com/s/077-Omnia-Vincit-Clamor-X.pdf	static/s/077-Omnia-Vincit-Clamor-X.pdf
https://www.davidalfredbywaters.com/s/78-Laughing-on-the-Outside-Crying-on-the-Inside-X.pdf	static/s/78-Laughing-on-the-Outside-Crying-on-the-Inside-X.pdf
https://www.davidalfredbywaters.com/s/079-Whats-Past-is-Prologue-X.pdf	static/s/079-Whats-Past-is-Prologue-X.pdf
https://www.davidalfredbywaters.com/s/080-Parodies-X.pdf	static/s/080-Parodies-X.pdf
https://www.davidalfredbywaters.com/s/081-Prepositional-Profusion-Part-1-X.pdf	static/s/081-Prepositional-Profusion-Part-1-X.pdf
https://www.davidalfredbywaters.com/s/082-Prepositional-Profusion-Part-2-X.pdf	static/s/082-Prepositional-Profusion-Part-2-X.pdf
https://www.davidalfredbywaters.com/s/083-Prepositional-Profusion-Part-3-X.pdf	static/s/083-Prepositional-Profusion-Part-3-X.pdf
https://www.davidalfredbywaters.com/s/084-Prepositional-Profusion-Part-4-X.pdf	static/s/084-Prepositional-Profusion-Part-4-X.pdf
https://www.davidalfredbywaters.com/s/085-Quadruply-Absorbent-X.pdf	static/s/085-Quadruply-Absorbent-X.pdf
https://www.davidalfredbywaters.com/s/086-A-Few-Extracts-X.pdf	static/s/086-A-Few-Extracts-X.pdf
https://www.davidalfredbywaters.com/s/087-Going-Ape-X.pdf	static/s/087-Going-Ape-X.pdf
https://www.davidalfredbywaters.com/s/088-Made-or-Marred-X.pdf	static/s/088-Made-or-Marred-X.pdf
https://www.davidalfredbywaters.com/s/089-Its-No-Utes-X-x883.pdf	static/s/089-Its-No-Utes-X-x883.pdf
https://www.davidalfredbywaters.com/s/090-Classic-Landscape-X.pdf	static/s/090-Classic-Landscape-X.pdf
https://www.davidalfredbywaters.com/s/091-Lost-Arts-X.pdf	static/s/091-Lost-Arts-X.pdf
https://www.davidalfredbywaters.com/s/092-Animal-Riddles-X.pdf	static/s/092-Animal-Riddles-X.pdf
https://www.davidalfredbywaters.com/s/093-Success-Stories-X.pdf	static/s/093-Success-Stories-X.pdf
https://www.davidalfredbywaters.com/s/094-Ear-Tags-X.pdf	static/s/094-Ear-Tags-X.pdf
https://www.davidalfredbywaters.com/s/095-Anntheme-X.pdf	static/s/095-Anntheme-X.pdf
https://www.davidalfredbywaters.com/s/096-As-Ye-Sow-So-Shall-Ye-Reap-X.pdf	static/s/096-As-Ye-Sow-So-Shall-Ye-Reap-X.pdf
https://www.davidalfredbywaters.com/s/097-Nondairy-Substitutes-X.pdf	static/s/097-Nondairy-Substitutes-X.pdf
https://www.davidalfredbywaters.com/s/098-The-Herd-of-Independent-Minds-X.pdf	static/s/098-The-Herd-of-Independent-Minds-X.pdf
https://www.davidalfredbywaters.com/s/099-In-Deep-X.pdf	static/s/099-In-Deep-X.pdf
https://www.davidalfredbywaters.com/s/100-Centered-X.pdf	static/s/100-Centered-X.pdf
https://www.davidalfredbywaters.com/s/101-Another-Weakly-Crossword-X.pdf	static/s/101-Another-Weakly-Crossword-X.pdf
https://www.davidalfredbywaters.com/s/102-Its-Not-Just-for-Breakfast-Anymore-X.pdf	static/s/102-Its-Not-Just-for-Breakfast-Anymore-X.pdf
https://www.davidalfredbywaters.com/s/104-Another-Cavalcade-of-Crosswordese-X.pdf	static/s/104-Another-Cavalcade-of-Crosswordese-X.pdf
https://www.davidalfredbywaters.com/s/105-End-Times-X.pdf	static/s/105-End-Times-X.pdf
https://www.davidalfredbywaters.com/s/106-My-G-Generation-X.pdf	static/s/106-My-G-Generation-X.pdf
https://www.davidalfredbywaters.com/s/107-Inner-Lemons-X.pdf	static/s/107-Inner-Lemons-X.pdf
https://www.davidalfredbywaters.com/s/108-Secret-Transmission-X.pdf	static/s/108-Secret-Transmission-X.pdf
https://www.davidalfredbywaters.com/s/109-For-the-Present-X.pdf	static/s/109-For-the-Present-X.pdf
https://www.davidalfredbywaters.com/s/110-Southern-Drawl-X.pdf	static/s/110-Southern-Drawl-X.pdf
https://www.davidalfredbywaters.com/s/111-End-Illiteracy-X.pdf	static/s/111-End-Illiteracy-X.pdf
https://www.davidalfredbywaters.com/s/112-Raising-L-X.pdf	static/s/112-Raising-L-X.pdf
https://www.davidalfredbywaters.com/s/113-Can-You-Fill-This-Out-X.pdf	static/s/113-Can-You-Fill-This-Out-X.pdf
https://www.davidalfredbywaters.com/s/114-Making-the-Worst-of-Things-X.pdf	static/s/114-Making-the-Worst-of-Things-X.pdf
https://www.davidalfredbywaters.com/s/115-Raptor-Riot-X.pdf	static/s/115-Raptor-Riot-X.pdf
https://www.davidalfredbywaters.com/s/116-Demilitarization-X.pdf	static/s/116-Demilitarization-X.pdf
https://www.davidalfredbywaters.com/s/117-A-Miss-is-as-Good-as-a-Mile-X.pdf	static/s/117-A-Miss-is-as-Good-as-a-Mile-X.pdf
https://www.davidalfredbywaters.com/s/118-Conjunction-Conversion-X.pdf	static/s/118-Conjunction-Conversion-X.pdf
https://www.davidalfredbywaters.com/s/119-Breathless-X.pdf	static/s/119-Breathless-X.pdf
https://www.davidalfredbywaters.com/s/120-Whirled-Piece-X.pdf	static/s/120-Whirled-Piece-X.pdf
https://www.davidalfredbywaters.com/s/121-Going-Going-Gone-X.pdf	static/s/121-Going-Going-Gone-X.pdf
https://www.davidalfredbywaters.com/s/122-Estrangement-X.pdf	static/s/122-Estrangement-X.pdf
https://www.davidalfredbywaters.com/s/123-The-Seventies-X.pdf	static/s/123-The-Seventies-X.pdf
https://www.davidalfredbywaters.com/s/124-Pronominal-Paronomasia-X.pdf	static/s/124-Pronominal-Paronomasia-X.pdf
https://www.davidalfredbywaters.com/s/125-E-Emotion-X.pdf	static/s/125-E-Emotion-X.pdf
https://www.davidalfredbywaters.com/s/126-Why-Because-I-Said-So-X.pdf	static/s/126-Why-Because-I-Said-So-X.pdf
https://www.davidalfredbywaters.com/s/127-Theres-Something-Fishy-In-Here-X.pdf	static/s/127-Theres-Something-Fishy-In-Here-X.pdf
https://www.davidalfredbywaters.com/s/128-Midwestern-Adaptations-of-Classic-Novels-X.pdf	static/s/128-Midwestern-Adaptations-of-Classic-Novels-X.pdf
https://www.davidalfredbywaters.com/s/129-Self-Centered-X.pdf	static/s/129-Self-Centered-X.pdf
https://www.davidalfredbywaters.com/s/130-Eat-Your-Vegetables-X.pdf	static/s/130-Eat-Your-Vegetables-X.pdf
https://www.davidalfredbywaters.com/s/131-Exchange-Rate-X.pdf	static/s/131-Exchange-Rate-X.pdf
https://www.davidalfredbywaters.com/s/132-Crossed-Words-X.pdf	static/s/132-Crossed-Words-X.pdf
https://www.davidalfredbywaters.com/s/133-Literal-Stem-Winding-X.pdf	static/s/133-Literal-Stem-Winding-X.pdf
https://www.davidalfredbywaters.com/s/134-Order-in-the-Court-X.pdf	static/s/134-Order-in-the-Court-X.pdf
https://www.davidalfredbywaters.com/s/135-Decomposition-X.pdf	static/s/135-Decomposition-X.pdf
https://www.davidalfredbywaters.com/s/136-Defeat-X.pdf	static/s/136-Defeat-X.pdf
https://www.davidalfredbywaters.com/s/137-Decease-X.pdf	static/s/137-Decease-X.pdf
https://www.davidalfredbywaters.com/s/138-Fowl-Fill-X.pdf	static/s/138-Fowl-Fill-X.pdf
https://www.davidalfredbywaters.com/s/139-Inner-Planets-X.pdf	static/s/139-Inner-Planets-X.pdf
https://www.davidalfredbywaters.com/s/140-Beaten-Down-X.pdf	static/s/140-Beaten-Down-X.pdf
https://www.davidalfredbywaters.com/s/141-Middle-Class-X.pdf	static/s/141-Middle-Class-X.pdf
https://www.davidalfredbywaters.com/s/142-Like-Fine-Wine-X.pdf	static/s/142-Like-Fine-Wine-X.pdf
https://www.davidalfredbywaters.com/s/143-PR-Issues-X.pdf	static/s/143-PR-Issues-X.pdf
https://www.davidalfredbywaters.com/s/144-Last-In-First-Out-X.pdf	static/s/144-Last-In-First-Out-X.pdf
https://www.davidalfredbywaters.com/s/145-And-Theres-More-X.pdf	static/s/145-And-Theres-More-X.pdf
https://www.davidalfredbywaters.com/s/146-PPO-X.pdf	static/s/146-PPO-X.pdf
https://www.davidalfredbywaters.com/s/147-International-Misunderstanding-X.pdf	static/s/147-International-Misunderstanding-X.pdf
https://www.davidalfredbywaters.com/s/148-Eye-Movement-X.pdf	static/s/148-Eye-Movement-X.pdf
https://www.davidalfredbywaters.com/s/149-Broken-Down-X.pdf	static/s/149-Broken-Down-X.pdf
https://www.davidalfredbywaters.com/s/150-Richly-Arrayed-X.pdf	static/s/150-Richly-Arrayed-X.pdf
https://www.davidalfredbywaters.com/s/151-Changing-for-Dinner-X.pdf	static/s/151-Changing-for-Dinner-X.pdf
https://www.davidalfredbywaters.com/s/152-What-a-Boring-Theme-X.pdf	static/s/152-What-a-Boring-Theme-X.pdf
https://www.davidalfredbywaters.com/s/153-Clothes-Down-X.pdf	static/s/153-Clothes-Down-X.pdf
https://www.davidalfredbywaters.com/s/154-Nicknames-X.pdf	static/s/154-Nicknames-X.pdf
https://www.davidalfredbywaters.com/s/155-Pull-Out-All-the-Stops-X.pdf	static/s/155-Pull-Out-All-the-Stops-X.pdf
https://www.davidalfredbywaters.com/s/156-Yet-Another-Cavalcade-of-Crosswordese-X.pdf	static/s/156-Yet-Another-Cavalcade-of-Crosswordese-X.pdf
https://www.davidalfredbywaters.com/s/157-Not-Going-Anywhere-X.pdf	static/s/157-Not-Going-Anywhere-X.pdf
https://www.davidalfredbywaters.com/s/158-Can-You-Reframe-the-Question-X.pdf	static/s/158-Can-You-Reframe-the-Question-X.pdf
https://www.davidalfredbywaters.com/s/159-Not-According-to-Hoyle-X.pdf	static/s/159-Not-According-to-Hoyle-X.pdf
https://www.davidalfredbywaters.com/s/160-Ole-X.pdf	static/s/160-Ole-X.pdf
https://www.davidalfredbywaters.com/s/161-Noels-X.pdf	static/s/161-Noels-X.pdf
https://www.davidalfredbywaters.com/s/162-Editorial-Changes-X.pdf	static/s/162-Editorial-Changes-X.pdf
https://www.davidalfredbywaters.com/s/163-P-P-Puns-X.pdf	static/s/163-P-P-Puns-X.pdf
https://www.davidalfredbywaters.com/s/164-Hiding-Places-X.pdf	static/s/164-Hiding-Places-X.pdf
https://www.davidalfredbywaters.com/s/165-Last-in-Line-X.pdf	static/s/165-Last-in-Line-X.pdf
https://www.davidalfredbywaters.com/s/166-The-Latest-Reports-X.pdf	static/s/166-The-Latest-Reports-X.pdf
https://www.davidalfredbywaters.com/s/167-Power-Plugs-X.pdf	static/s/167-Power-Plugs-X.pdf
https://www.davidalfredbywaters.com/s/168-MP5-X.pdf	static/s/168-MP5-X.pdf
https://www.davidalfredbywaters.com/s/169-Triple-Play-X.pdf	static/s/169-Triple-Play-X.pdf
https://www.davidalfredbywaters.com/s/170-Beastly-Puns-X.pdf	static/s/170-Beastly-Puns-X.pdf
https://www.davidalfredbywaters.com/s/171-Inner-City-X.pdf	static/s/171-Inner-City-X.pdf
https://www.davidalfredbywaters.com/s/172-Suburban-Sprawl-X.pdf	static/s/172-Suburban-Sprawl-X.pdf
https://www.davidalfredbywaters.com/s/173-Faulty-Instrument-Panel-X.pdf	static/s/173-Faulty-Instrument-Panel-X.pdf
https://www.davidalfredbywaters.com/s/174-Is-It-In-Or-Isnt-It-X.pdf	static/s/174-Is-It-In-Or-Isnt-It-X.pdf
https://www.davidalfredbywaters.com/s/175-Chariot-X.pdf	static/s/175-Chariot-X.pdf
https://www.davidalfredbywaters.com/s/176-Parliamentary-Divisions-X.pdf	static/s/176-Parliamentary-Divisions-X.pdf
https://www.davidalfredbywaters.com/s/177-Coming-in-Last-X.pdf	static/s/177-Coming-in-Last-X.pdf
https://www.davidalfredbywaters.com/s/178-Thats-Thats-X.pdf	static/s/178-Thats-Thats-X.pdf
https://www.davidalfredbywaters.com/s/179-Midwestern-State-Sponsored-Terror-X.pdf	static/s/179-Midwestern-State-Sponsored-Terror-X.pdf
https://www.davidalfredbywaters.com/s/180-Globalization-X.pdf	static/s/180-Globalization-X.pdf
https://www.davidalfredbywaters.com/s/181-Digital-Waste-X.pdf	static/s/181-Digital-Waste-X.pdf
https://www.davidalfredbywaters.com/s/182-Extraordinary-Cooperation-X.pdf	static/s/182-Extraordinary-Cooperation-X.pdf
https://www.davidalfredbywaters.com/s/183-Um-X.pdf	static/s/183-Um-X.pdf
https://www.davidalfredbywaters.com/s/184-On-End-X.pdf	static/s/184-On-End-X.pdf
https://www.davidalfredbywaters.com/s/185-Taking-the-Easy-Way-Out-X.pdf	static/s/185-Taking-the-Easy-Way-Out-X.pdf
https://www.davidalfredbywaters.com/s/186-In-Group-X.pdf	static/s/186-In-Group-X.pdf
https://www.davidalfredbywaters.com/s/187-Irregular-Armies-X.pdf	static/s/187-Irregular-Armies-X.pdf
https://www.davidalfredbywaters.com/s/188-Ah-Ha-X.pdf	static/s/188-Ah-Ha-X.pdf
https://www.davidalfredbywaters.com/s/189-Yee-Ha-X.pdf	static/s/189-Yee-Ha-X.pdf
https://www.davidalfredbywaters.com/s/190-Hoo-Ha-X.pdf	static/s/190-Hoo-Ha-X.pdf
https://www.davidalfredbywaters.com/s/191-Ha-Ha-X.pdf	static/s/191-Ha-Ha-X.pdf
https://www.davidalfredbywaters.com/s/192-Inner-Sancta-X.pdf	static/s/192-Inner-Sancta-X.pdf
https://www.davidalfredbywaters.com/s/193-Identity-Crisis-X.pdf	static/s/193-Identity-Crisis-X.pdf
https://www.davidalfredbywaters.com/s/194-A-Do-or-Die-Situation-X.pdf	static/s/194-A-Do-or-Die-Situation-X.pdf
https://www.davidalfredbywaters.com/s/195-Odd-Numbers-X.pdf	static/s/195-Odd-Numbers-X.pdf
https://www.davidalfredbywaters.com/s/196-Side-Effects-X.pdf	static/s/196-Side-Effects-X.pdf
https://www.davidalfredbywaters.com/s/197-Neither-In-Nor-Out-X.pdf	static/s/197-Neither-In-Nor-Out-X.pdf
https://www.davidalfredbywaters.com/s/198-Lets-Have-a-Good-Cry-X.pdf	static/s/198-Lets-Have-a-Good-Cry-X.pdf
https://www.davidalfredbywaters.com/s/199-Breakers-Ahead-X.pdf	static/s/199-Breakers-Ahead-X.pdf
https://www.davidalfredbywaters.com/s/200-Something-To-See-X.pdf	static/s/200-Something-To-See-X.pdf
https://www.davidalfredbywaters.com/s/201-Pismo-Batch-X.pdf	static/s/201-Pismo-Batch-X.pdf
https://www.davidalfredbywaters.com/s/202-Aw-How-Cute-X.pdf	static/s/202-Aw-How-Cute-X.pdf
https://www.davidalfredbywaters.com/s/203-To-My-Chagrin-X.pdf	static/s/203-To-My-Chagrin-X.pdf
https://www.davidalfredbywaters.com/s/204-Afterthoughts-X.pdf	static/s/204-Afterthoughts-X.pdf
https://www.davidalfredbywaters.com/s/205-Just-Wing-It-X.pdf	static/s/205-Just-Wing-It-X.pdf
https://www.davidalfredbywaters.com/s/206-Who-Let-All-These-Men-in-Here-X.pdf	static/s/206-Who-Let-All-These-Men-in-Here-X.pdf
https://www.davidalfredbywaters.com/s/207-Dynamic-Range-Compression-X.pdf	static/s/207-Dynamic-Range-Compression-X.pdf
https://www.davidalfredbywaters.com/s/208-Cavalcade-of-Crosswordese-IV-X.pdf	static/s/208-Cavalcade-of-Crosswordese-IV-X.pdf
https://www.davidalfredbywaters.com/s/209-Plant-Openings-X.pdf	static/s/209-Plant-Openings-X.pdf
https://www.davidalfredbywaters.com/s/210-Striptease-X.pdf	static/s/210-Striptease-X.pdf
https://www.davidalfredbywaters.com/s/211-Processed-Food-X.pdf	static/s/211-Processed-Food-X.pdf
https://www.davidalfredbywaters.com/s/212-An-Edifying-Crossword-X.pdf	static/s/212-An-Edifying-Crossword-X.pdf
https://www.davidalfredbywaters.com/s/213-Yes-X.pdf	static/s/213-Yes-X.pdf
https://www.davidalfredbywaters.com/s/214-Lets-Go-Carolling-X.pdf	static/s/214-Lets-Go-Carolling-X.pdf
https://www.davidalfredbywaters.com/s/215-At-First-X.pdf	static/s/215-At-First-X.pdf
https://www.davidalfredbywaters.com/s/216-Played-Around-X-m7tt.pdf	static/s/216-Played-Around-X-m7tt.pdf
https://www.davidalfredbywaters.com/s/217-Birding-X.pdf	static/s/217-Birding-X.pdf
https://www.davidalfredbywaters.com/s/218-Amen-Ra-X.pdf	static/s/218-Amen-Ra-X.pdf
https://www.davidalfredbywaters.com/s/219-Naval-Center-X.pdf	static/s/219-Naval-Center-X.pdf
https://www.davidalfredbywaters.com/s/220-Abandon-Ship-X.pdf	static/s/220-Abandon-Ship-X.pdf
https://www.davidalfredbywaters.com/s/221-Ta-da-X.pdf	static/s/221-Ta-da-X.pdf
https://www.davidalfredbywaters.com/s/222-Canine-Clamor-X.pdf	static/s/222-Canine-Clamor-X.pdf
https://www.davidalfredbywaters.com/s/223-Double-Spaces-X.pdf	static/s/223-Double-Spaces-X.pdf
https://www.davidalfredbywaters.com/s/224-Filthy-Puns-X.pdf	static/s/224-Filthy-Puns-X.pdf
https://www.davidalfredbywaters.com/s/225-Now-You-See-It-Now-You-Dont-X.pdf	static/s/225-Now-You-See-It-Now-You-Dont-X.pdf
https://www.davidalfredbywaters.com/s/226-Replacement-Parts-X.pdf	static/s/226-Replacement-Parts-X.pdf
https://www.davidalfredbywaters.com/s/227-We-Have-Been-Out-X.pdf	static/s/227-We-Have-Been-Out-X.pdf
https://www.davidalfredbywaters.com/s/228-Not-on-the-Level-X.pdf	static/s/228-Not-on-the-Level-X.pdf
https://www.davidalfredbywaters.com/s/229-Theres-a-Lot-Going-On-Here-X.pdf	static/s/229-Theres-a-Lot-Going-On-Here-X.pdf
https://www.davidalfredbywaters.com/s/230-Rear-Enders-X.pdf	static/s/230-Rear-Enders-X.pdf
https://www.davidalfredbywaters.com/s/231-Self-Promotion-X.pdf	static/s/231-Self-Promotion-X.pdf
https://www.davidalfredbywaters.com/s/232-Frozen-Out-X.pdf	static/s/232-Frozen-Out-X.pdf
https://www.davidalfredbywaters.com/s/233-Oases-X.pdf	static/s/233-Oases-X.pdf
https://www.davidalfredbywaters.com/s/234-Four-Aces-X.pdf	static/s/234-Four-Aces-X.pdf
https://www.davidalfredbywaters.com/s/235-Ten-Four-X.pdf	static/s/235-Ten-Four-X.pdf
https://www.davidalfredbywaters.com/s/236-Cross-Out-X.pdf	static/s/236-Cross-Out-X.pdf
https://www.davidalfredbywaters.com/s/237-Alternating-Biconsonantal-Pentads-X.pdf	static/s/237-Alternating-Biconsonantal-Pentads-X.pdf
https://www.davidalfredbywaters.com/s/238-Etail-Discounts-X.pdf	static/s/238-Etail-Discounts-X.pdf
https://www.davidalfredbywaters.com/s/239-The-Cutting-Edge-X.pdf	static/s/239-The-Cutting-Edge-X.pdf
https://www.davidalfredbywaters.com/s/240-Tossing-It-Down-X.pdf	static/s/240-Tossing-It-Down-X.pdf
https://www.davidalfredbywaters.com/s/241-Downspout-X.pdf	static/s/241-Downspout-X.pdf
https://www.davidalfredbywaters.com/s/242-What-a-Downer-X.pdf	static/s/242-What-a-Downer-X.pdf
https://www.davidalfredbywaters.com/s/243-Downplay-X.pdf	static/s/243-Downplay-X.pdf
https://www.davidalfredbywaters.com/s/244-Down-in-the-Mine-X.pdf	static/s/244-Down-in-the-Mine-X.pdf
https://www.davidalfredbywaters.com/s/245-Change-of-Pace-X.pdf	static/s/245-Change-of-Pace-X.pdf
https://www.davidalfredbywaters.com/s/246-Thats-Just-Preverted-X.pdf	static/s/246-Thats-Just-Preverted-X.pdf
https://www.davidalfredbywaters.com/s/247-Plus-Sighs-X.pdf	static/s/247-Plus-Sighs-X.pdf
https://www.davidalfredbywaters.com/s/248-Farmyard-Echoes-X.pdf	static/s/248-Farmyard-Echoes-X.pdf
https://www.davidalfredbywaters.com/s/249-Excess-Verbiage-X.pdf	static/s/249-Excess-Verbiage-X.pdf
https://www.davidalfredbywaters.com/s/250-Ring-of-Ire-X.pdf	static/s/250-Ring-of-Ire-X.pdf
https://www.davidalfredbywaters.com/s/251-I-Recycle-X.pdf	static/s/251-I-Recycle-X.pdf
https://www.davidalfredbywaters.com/s/252-Sad-Partings-X.pdf	static/s/252-Sad-Partings-X.pdf
https://www.davidalfredbywaters.com/s/253-Hearts-Ease-X.pdf	static/s/253-Hearts-Ease-X.pdf
https://www.davidalfredbywaters.com/s/254-Seeking-Adventure-X.pdf	static/s/254-Seeking-Adventure-X.pdf
https://www.davidalfredbywaters.com/s/255-New-Replacements-X.pdf	static/s/255-New-Replacements-X.pdf
https://www.davidalfredbywaters.com/s/256-Think-Ahead-X.pdf	static/s/256-Think-Ahead-X.pdf
https://www.davidalfredbywaters.com/s/257-Unqualified-X.pdf	static/s/257-Unqualified-X.pdf
https://www.davidalfredbywaters.com/s/258-Ghostracized-X.pdf	static/s/258-Ghostracized-X.pdf
https://www.davidalfredbywaters.com/s/259-Results-Are-Trickling-In-X.pdf	static/s/259-Results-Are-Trickling-In-X.pdf
https://www.davidalfredbywaters.com/s/260-Double-Duties-X.pdf	static/s/260-Double-Duties-X.pdf
https://www.davidalfredbywaters.com/s/261-Alphabetical-Cavalcade-of-Crosswordese-X.pdf	static/s/261-Alphabetical-Cavalcade-of-Crosswordese-X.pdf
https://www.davidalfredbywaters.com/s/262-Remedial-Reading-X.pdf	static/s/262-Remedial-Reading-X.pdf
https://www.davidalfredbywaters.com/s/263-Teaser-Rates-X.pdf	static/s/263-Teaser-Rates-X.pdf
https://www.davidalfredbywaters.com/s/264-Where-Did-You-Go-X.pdf	static/s/264-Where-Did-You-Go-X.pdf
https://www.davidalfredbywaters.com/s/265-Petty-Morels-X.pdf	static/s/265-Petty-Morels-X.pdf
https://www.davidalfredbywaters.com/s/266-Be-Jolly-X.pdf	static/s/266-Be-Jolly-X.pdf
https://www.davidalfredbywaters.com/s/267-Happy-New-Year-X.pdf	static/s/267-Happy-New-Year-X.pdf
https://www.davidalfredbywaters.com/s/268-I-Dont-Like-Your-Tone-X.pdf	static/s/268-I-Dont-Like-Your-Tone-X.pdf
https://www.davidalfredbywaters.com/s/269-Wild-Animals-X.pdf	static/s/269-Wild-Animals-X.pdf
https://www.davidalfredbywaters.com/s/270-Me-First-X.pdf	static/s/270-Me-First-X.pdf
https://www.davidalfredbywaters.com/s/271-A-Plus-X.pdf	static/s/271-A-Plus-X.pdf
https://www.davidalfredbywaters.com/s/272-Out-of-the-Past-X.pdf	static/s/272-Out-of-the-Past-X.pdf
https://www.davidalfredbywaters.com/s/273-Running-Short-X.pdf	static/s/273-Running-Short-X.pdf
https://www.davidalfredbywaters.com/s/274-Specialists-X.pdf	static/s/274-Specialists-X.pdf
https://www.davidalfredbywaters.com/s/275-Alien-Invasion-X.pdf	static/s/275-Alien-Invasion-X.pdf
https://www.davidalfredbywaters.com/s/276-Not-Now-X.pdf	static/s/276-Not-Now-X.pdf
https://www.davidalfredbywaters.com/s/277-Outer-Space-X.pdf	static/s/277-Outer-Space-X.pdf
https://www.davidalfredbywaters.com/s/278-In-Outer-Space-X.pdf	static/s/278-In-Outer-Space-X.pdf
https://www.davidalfredbywaters.com/s/279b-Language-Acquisition-Part-2-X.pdf	static/s/279b-Language-Acquisition-Part-2-X.pdf
https://www.davidalfredbywaters.com/s/279a-Language-Acquisition-Part-1-X.pdf	static/s/279a-Language-Acquisition-Part-1-X.pdf
https://www.davidalfredbywaters.com/s/Haunted-by-the-Past-X.pdf	static/s/Haunted-by-the-Past-X.pdf
https://www.davidalfredbywaters.com/s/281-Bending-Down-X.pdf	static/s/281-Bending-Down-X.pdf
https://www.davidalfredbywaters.com/s/282-Oh-Why-Bother-X.pdf	static/s/282-Oh-Why-Bother-X.pdf
https://www.davidalfredbywaters.com/s/283-All-Will-Be-Well-X.pdf	static/s/283-All-Will-Be-Well-X.pdf
https://www.davidalfredbywaters.com/s/284-Meal-Preparation-X.pdf	static/s/284-Meal-Preparation-X.pdf
https://www.davidalfredbywaters.com/s/285-All-the-Wrong-Places-X.pdf	static/s/285-All-the-Wrong-Places-X.pdf
https://www.davidalfredbywaters.com/s/286-Senior-Centers-X.pdf	static/s/286-Senior-Centers-X.pdf
https://www.davidalfredbywaters.com/s/287-Double-Letters-X.pdf	static/s/287-Double-Letters-X.pdf
https://www.davidalfredbywaters.com/s/288-Dont-Get-Nosy-X-kzz6.pdf	static/s/288-Dont-Get-Nosy-X-kzz6.pdf
https://www.davidalfredbywaters.com/s/Alternate-Endings-X.pdf	static/s/Alternate-Endings-X.pdf
https://www.davidalfredbywaters.com/s/291-Fed-Up-X.pdf	static/s/291-Fed-Up-X.pdf
https://www.davidalfredbywaters.com/s/292-Xmas-X.pdf	static/s/292-Xmas-X.pdf
https://www.davidalfredbywaters.com/s/293-Change-Holders-X.pdf	static/s/293-Change-Holders-X.pdf
https://www.davidalfredbywaters.com/s/Mixed-Doubles-X.pdf	static/s/Mixed-Doubles-X.pdf
https://www.davidalfredbywaters.com/s/295-The-Secret-Garden-X.pdf	static/s/295-The-Secret-Garden-X.pdf
https://www.davidalfredbywaters.com/s/296-RB-X.pdf	static/s/296-RB-X.pdf
https://www.davidalfredbywaters.com/s/297-Chill-Out-X.pdf	static/s/297-Chill-Out-X.pdf
https://www.davidalfredbywaters.com/s/298-Having-It-Both-Ways-X.pdf	static/s/298-Having-It-Both-Ways-X.pdf
https://www.davidalfredbywaters.com/s/299-Six-Pack-X.pdf	static/s/299-Six-Pack-X.pdf
https://www.davidalfredbywaters.com/s/300-CCC-entering-X.pdf	static/s/300-CCC-entering-X.pdf
https://www.davidalfredbywaters.com/s/301-Alternative-Medicine-X.pdf	static/s/301-Alternative-Medicine-X.pdf
https://www.davidalfredbywaters.com/s/302-Animal-Trailers-X.pdf	static/s/302-Animal-Trailers-X.pdf
https://www.davidalfredbywaters.com/s/303-Alienation-X.pdf	static/s/303-Alienation-X.pdf
https://www.davidalfredbywaters.com/s/304-Adaptation-X.pdf	static/s/304-Adaptation-X.pdf
https://www.davidalfredbywaters.com/s/305a-Deism-X.pdf	static/s/305a-Deism-X.pdf
https://www.davidalfredbywaters.com/s/305b-Deist-X.pdf	static/s/305b-Deist-X.pdf
https://www.davidalfredbywaters.com/s/306-Its-Curtains-for-Us-X.pdf	static/s/306-Its-Curtains-for-Us-X.pdf
https://www.davidalfredbywaters.com/s/307-The-Abyss-X.pdf	static/s/307-The-Abyss-X.pdf
https://www.davidalfredbywaters.com/s/308-Do-Not-Bend-X.pdf	static/s/308-Do-Not-Bend-X.pdf
https://www.davidalfredbywaters.com/s/309-Literary-Interpretation-X.pdf	static/s/309-Literary-Interpretation-X.pdf
https://www.davidalfredbywaters.com/s/310-Double-Plays-on-Words-X.pdf	static/s/310-Double-Plays-on-Words-X.pdf
https://www.davidalfredbywaters.com/s/311-Thats-Disgusting-X.pdf	static/s/311-Thats-Disgusting-X.pdf
https://www.davidalfredbywaters.com/s/312-Find-a-Way-X.pdf	static/s/312-Find-a-Way-X.pdf
https://www.davidalfredbywaters.com/s/313-Double-Shortening-X.pdf	static/s/313-Double-Shortening-X.pdf
https://www.davidalfredbywaters.com/s/314-Stag-Party-X.pdf	static/s/314-Stag-Party-X.pdf
https://www.davidalfredbywaters.com/s/315-Speech-Recognition-X.pdf	static/s/315-Speech-Recognition-X.pdf
https://www.davidalfredbywaters.com/s/316-Facing-Uncertainties-X.pdf	static/s/316-Facing-Uncertainties-X.pdf
https://www.davidalfredbywaters.com/s/317-Five-Times-Nine-X.pdf	static/s/317-Five-Times-Nine-X.pdf
https://www.davidalfredbywaters.com/s/318-The-Morning-After-X.pdf	static/s/318-The-Morning-After-X.pdf
https://www.davidalfredbywaters.com/s/319-Undeletion-X.pdf	static/s/319-Undeletion-X.pdf
https://www.davidalfredbywaters.com/s/320-Overworked-Abbreviations-X.pdf	static/s/320-Overworked-Abbreviations-X.pdf
https://www.davidalfredbywaters.com/s/321-Er-Er-What-Was-I-Saying-X.pdf	static/s/321-Er-Er-What-Was-I-Saying-X.pdf
https://www.davidalfredbywaters.com/s/322-Trash-Bin-X.pdf	static/s/322-Trash-Bin-X.pdf
https://www.davidalfredbywaters.com/s/323-Nonconfrontation-X.pdf	static/s/323-Nonconfrontation-X.pdf
https://www.davidalfredbywaters.com/s/324-Fashion-Shoots-X.pdf	static/s/324-Fashion-Shoots-X.pdf
https://www.davidalfredbywaters.com/s/325-Pulling-Ahead-X.pdf	static/s/325-Pulling-Ahead-X.pdf
https://www.davidalfredbywaters.com/s/326-Padding-X.pdf	static/s/326-Padding-X.pdf
https://www.davidalfredbywaters.com/s/327-Its-All-Wrong-X.pdf	static/s/327-Its-All-Wrong-X.pdf
https://www.davidalfredbywaters.com/s/328-Whats-It-All-For-X.pdf	static/s/328-Whats-It-All-For-X.pdf
https://www.davidalfredbywaters.com/s/329-Rethinking-X.pdf	static/s/329-Rethinking-X.pdf
https://www.davidalfredbywaters.com/s/330-SB-X.pdf	static/s/330-SB-X.pdf
https://www.davidalfredbywaters.com/s/331-Or-Else-X.pdf	static/s/331-Or-Else-X.pdf
https://www.davidalfredbywaters.com/s/332-Change-Partners-X.pdf	static/s/332-Change-Partners-X.pdf
https://www.davidalfredbywaters.com/s/333-Shrift-X.pdf	static/s/333-Shrift-X.pdf
https://www.davidalfredbywaters.com/s/334-The-Mad-Hatter-X.pdf	static/s/334-The-Mad-Hatter-X.pdf
https://www.davidalfredbywaters.com/s/335-Is-That-a-Dog-I-Hear-X.pdf	static/s/335-Is-That-a-Dog-I-Hear-X.pdf
https://www.davidalfredbywaters.com/s/336-Close-with-Clothes-X.pdf	static/s/336-Close-with-Clothes-X.pdf
https://www.davidalfredbywaters.com/s/337-Coronation-X.pdf	static/s/337-Coronation-X.pdf
https://www.davidalfredbywaters.com/s/338-Some-Assorted-Answers-X.pdf	static/s/338-Some-Assorted-Answers-X.pdf
https://www.davidalfredbywaters.com/s/339-It-Adds-Up-X.pdf	static/s/339-It-Adds-Up-X.pdf
https://www.davidalfredbywaters.com/s/340-Things-Are-Getting-Tense-X.pdf	static/s/340-Things-Are-Getting-Tense-X.pdf
https://www.davidalfredbywaters.com/s/341-Progressive-Ism-X.pdf	static/s/341-Progressive-Ism-X.pdf
https://www.davidalfredbywaters.com/s/342-Stupid-Puns-X.pdf	static/s/342-Stupid-Puns-X.pdf
https://www.davidalfredbywaters.com/s/343-Dealing-with-Affronts-X.pdf	static/s/343-Dealing-with-Affronts-X.pdf
https://www.davidalfredbywaters.com/s/344-The-First-Noel-X.pdf	static/s/344-The-First-Noel-X.pdf
https://www.davidalfredbywaters.com/s/345-Off-Color-X.pdf	static/s/345-Off-Color-X.pdf
https://www.davidalfredbywaters.com/s/346-Cutbacks-X.pdf	static/s/346-Cutbacks-X.pdf
https://www.davidalfredbywaters.com/s/347-Put-It-in-Reverse-X.pdf	static/s/347-Put-It-in-Reverse-X.pdf
https://www.davidalfredbywaters.com/s/348-Phrasemaking-X.pdf	static/s/348-Phrasemaking-X.pdf
https://www.davidalfredbywaters.com/s/349-Strip-Joint-X.pdf	static/s/349-Strip-Joint-X.pdf
https://www.davidalfredbywaters.com/s/350-Practice-Phrases-for-the-Aspirational-X.pdf	static/s/350-Practice-Phrases-for-the-Aspirational-X.pdf
https://www.davidalfredbywaters.com/s/351-Ugh-Get-It-Out-of-Here-X-m89d.pdf	static/s/351-Ugh-Get-It-Out-of-Here-X-m89d.pdf
https://www.davidalfredbywaters.com/s/352-Another-Defeat-X.pdf	static/s/352-Another-Defeat-X.pdf
https://www.davidalfredbywaters.com/s/353-AI-Will-Replace-U-X.pdf	static/s/353-AI-Will-Replace-U-X.pdf
https://www.davidalfredbywaters.com/s/354-All-Is-Not-Well-X.pdf	static/s/354-All-Is-Not-Well-X.pdf
https://www.davidalfredbywaters.com/s/355-Backlash-X.pdf	static/s/355-Backlash-X.pdf
https://www.davidalfredbywaters.com/s/356-Something-Fishy-X.pdf	static/s/356-Something-Fishy-X.pdf
https://www.davidalfredbywaters.com/s/357-Dividends-X.pdf	static/s/357-Dividends-X.pdf
https://www.davidalfredbywaters.com/s/358-Let-Me-In-X.pdf	static/s/358-Let-Me-In-X.pdf
https://www.davidalfredbywaters.com/s/359-Dimensional-Instability-X.pdf	static/s/359-Dimensional-Instability-X.pdf
https://www.davidalfredbywaters.com/s/360-Pay-to-Play-X.pdf	static/s/360-Pay-to-Play-X.pdf
https://www.davidalfredbywaters.com/s/361-Odes-X.pdf	static/s/361-Odes-X.pdf
https://www.davidalfredbywaters.com/s/362-Pouting-Expressions-X.pdf	static/s/362-Pouting-Expressions-X.pdf
https://www.davidalfredbywaters.com/s/363-Why-Cant-We-Just-Get-Along-X.pdf	static/s/363-Why-Cant-We-Just-Get-Along-X.pdf
